model,resolution,protocol,size,row_type,condition,baseline_condition,baseline_map50_95,complete,expected_conditions,map50_95,map50_95_drop,map50_95_drop_percentage_points,map50_95_relative_drop,map50_95_retention,n_conditions,observed_partial_map50_95,worst_condition
leaf_yolo_n_external,640,common6,all,condition,CLEAN,S1T1,0.2710341785312663,True,1,0.27131277243731516,-0.0002785939060488407,-0.02785939060488407,-0.0010278921557367315,1.0010278921557367,1,,
leaf_yolo_n_external,640,common6,all,condition,S1T1,S1T1,0.2710341785312663,True,1,0.2710341785312663,0.0,0.0,0.0,1.0,1,,
leaf_yolo_n_external,640,common6,all,condition,S1T2,S1T1,0.2710341785312663,True,1,0.23617113047770813,0.03486304805355819,3.4863048053558194,0.12862971099246956,0.8713702890075304,1,,
leaf_yolo_n_external,640,common6,all,condition,S1T3,S1T1,0.2710341785312663,True,1,0.08353214906555659,0.18750202946570974,18.750202946570973,0.6918021575056801,0.30819784249431986,1,,
leaf_yolo_n_external,640,common6,all,condition,S2T1,S1T1,0.2710341785312663,True,1,0.2081640711679542,0.06287010736331211,6.2870107363312115,0.2319637608216244,0.7680362391783756,1,,
leaf_yolo_n_external,640,common6,all,condition,S2T2,S1T1,0.2710341785312663,True,1,0.17578196696553602,0.0952522115657303,9.52522115657303,0.3514398519105666,0.6485601480894334,1,,
leaf_yolo_n_external,640,common6,all,condition,S2T3,S1T1,0.2710341785312663,True,1,0.06005184579710759,0.21098233273415873,21.09823327341587,0.7784344169339512,0.2215655830660488,1,,
leaf_yolo_n_external,640,common6,all,condition,S3T1,S1T1,0.2710341785312663,True,1,0.23341697719471466,0.037617201336551664,3.7617201336551664,0.13879135664881526,0.8612086433511847,1,,
leaf_yolo_n_external,640,common6,all,condition,S3T2,S1T1,0.2710341785312663,True,1,0.2036949772593283,0.06733920127193802,6.733920127193802,0.24845280265702652,0.7515471973429735,1,,
leaf_yolo_n_external,640,common6,all,condition,S3T3,S1T1,0.2710341785312663,True,1,0.06052811635772348,0.21050606217354284,21.050606217354286,0.7766771826131847,0.22332281738681528,1,,
leaf_yolo_n_external,640,common6,all,matrix9_mean_including_S1T1,aggregate,S1T1,0.2710341785312663,True,9,0.17026393475743282,0.1007702437738335,10.077024377383351,0.37179902667592424,0.6282009733240758,9,,
leaf_yolo_n_external,640,common6,all,corrupted8_mean_excluding_S1T1,aggregate,S1T1,0.2710341785312663,True,8,0.15766765428570362,0.1133665242455627,11.33665242455627,0.41827390501041484,0.5817260949895852,8,,
leaf_yolo_n_external,640,common6,all,corrupted8_worst_excluding_S1T1,aggregate,S1T1,0.2710341785312663,True,8,0.06005184579710759,0.21098233273415873,21.09823327341587,0.7784344169339512,0.2215655830660488,8,,S2T3
leaf_yolo_n_external,640,common6,coco_small,condition,CLEAN,S1T1,0.17055631441885877,True,1,0.170630285986224,-7.397156736524413e-05,-0.007397156736524413,-0.0004337075857747674,1.0004337075857748,1,,
leaf_yolo_n_external,640,common6,coco_small,condition,S1T1,S1T1,0.17055631441885877,True,1,0.17055631441885877,0.0,0.0,0.0,1.0,1,,
leaf_yolo_n_external,640,common6,coco_small,condition,S1T2,S1T1,0.17055631441885877,True,1,0.1322682740598255,0.03828804035903327,3.8288040359033273,0.22448914007958698,0.775510859920413,1,,
leaf_yolo_n_external,640,common6,coco_small,condition,S1T3,S1T1,0.17055631441885877,True,1,0.014942088107711434,0.15561422631114732,15.561422631114732,0.9123920556173835,0.08760794438261651,1,,
leaf_yolo_n_external,640,common6,coco_small,condition,S2T1,S1T1,0.17055631441885877,True,1,0.11966417985320192,0.050892134565656846,5.089213456565685,0.298389037890875,0.701610962109125,1,,
leaf_yolo_n_external,640,common6,coco_small,condition,S2T2,S1T1,0.17055631441885877,True,1,0.08845223596852683,0.08210407845033194,8.210407845033194,0.481389849036592,0.518610150963408,1,,
leaf_yolo_n_external,640,common6,coco_small,condition,S2T3,S1T1,0.17055631441885877,True,1,0.009567765800139086,0.1609885486187197,16.09885486187197,0.9439025999550964,0.056097400044903635,1,,
leaf_yolo_n_external,640,common6,coco_small,condition,S3T1,S1T1,0.17055631441885877,True,1,0.14868988639416061,0.021866428024698153,2.1866428024698155,0.12820649941460238,0.8717935005853976,1,,
leaf_yolo_n_external,640,common6,coco_small,condition,S3T2,S1T1,0.17055631441885877,True,1,0.10969462651103283,0.06086168790782594,6.086168790782594,0.3568421850296287,0.6431578149703713,1,,
leaf_yolo_n_external,640,common6,coco_small,condition,S3T3,S1T1,0.17055631441885877,True,1,0.011554385010852075,0.1590019294080067,15.90019294080067,0.932254721555038,0.067745278444962,1,,
leaf_yolo_n_external,640,common6,coco_small,matrix9_mean_including_S1T1,aggregate,S1T1,0.17055631441885877,True,9,0.08948775068047879,0.08106856373837998,8.106856373837998,0.47531845428653363,0.5246815457134664,9,,
leaf_yolo_n_external,640,common6,coco_small,corrupted8_mean_excluding_S1T1,aggregate,S1T1,0.17055631441885877,True,8,0.07935418021318129,0.09120213420567748,9.120213420567747,0.5347332610723503,0.46526673892764964,8,,
leaf_yolo_n_external,640,common6,coco_small,corrupted8_worst_excluding_S1T1,aggregate,S1T1,0.17055631441885877,True,8,0.009567765800139086,0.1609885486187197,16.09885486187197,0.9439025999550964,0.056097400044903635,8,,S2T3
leaf_yolo_n_external,640,common6,large,condition,CLEAN,S1T1,0.49133888523245034,True,1,0.4963339279838982,-0.0049950427514478535,-0.49950427514478535,-0.010166186519279252,1.0101661865192793,1,,
leaf_yolo_n_external,640,common6,large,condition,S1T1,S1T1,0.49133888523245034,True,1,0.49133888523245034,0.0,0.0,0.0,1.0,1,,
leaf_yolo_n_external,640,common6,large,condition,S1T2,S1T1,0.49133888523245034,True,1,0.4870300944833645,0.004308790749085856,0.43087907490858557,0.00876948859247606,0.9912305114075239,1,,
leaf_yolo_n_external,640,common6,large,condition,S1T3,S1T1,0.49133888523245034,True,1,0.3588978248666826,0.13244106036576775,13.244106036576774,0.2695513511069054,0.7304486488930946,1,,
leaf_yolo_n_external,640,common6,large,condition,S2T1,S1T1,0.49133888523245034,True,1,0.39402548827038614,0.0973133969620642,9.73133969620642,0.19805759301144188,0.8019424069885581,1,,
leaf_yolo_n_external,640,common6,large,condition,S2T2,S1T1,0.49133888523245034,True,1,0.3846658812060695,0.10667300402638086,10.667300402638086,0.2171067815565103,0.7828932184434897,1,,
leaf_yolo_n_external,640,common6,large,condition,S2T3,S1T1,0.49133888523245034,True,1,0.24843327452866434,0.242905610703786,24.2905610703786,0.4943748968471494,0.5056251031528506,1,,
leaf_yolo_n_external,640,common6,large,condition,S3T1,S1T1,0.49133888523245034,True,1,0.4210336175884371,0.07030526764401324,7.030526764401324,0.14308915853617432,0.8569108414638257,1,,
leaf_yolo_n_external,640,common6,large,condition,S3T2,S1T1,0.49133888523245034,True,1,0.4238162300648246,0.06752265516762573,6.752265516762574,0.13742583214369664,0.8625741678563034,1,,
leaf_yolo_n_external,640,common6,large,condition,S3T3,S1T1,0.49133888523245034,True,1,0.2618116048840924,0.22952728034835795,22.952728034835797,0.46714658099932305,0.532853419000677,1,,
leaf_yolo_n_external,640,common6,large,matrix9_mean_including_S1T1,aggregate,S1T1,0.49133888523245034,True,9,0.3856725445694413,0.10566634066300906,10.566634066300907,0.21505796475485295,0.784942035245147,9,,
leaf_yolo_n_external,640,common6,large,corrupted8_mean_excluding_S1T1,aggregate,S1T1,0.49133888523245034,True,8,0.37246425198656513,0.11887463324588521,11.88746332458852,0.24194021034920965,0.7580597896507903,8,,
leaf_yolo_n_external,640,common6,large,corrupted8_worst_excluding_S1T1,aggregate,S1T1,0.49133888523245034,True,8,0.24843327452866434,0.242905610703786,24.2905610703786,0.4943748968471494,0.5056251031528506,8,,S2T3
leaf_yolo_n_external,640,common6,medium,condition,CLEAN,S1T1,0.3729371789430983,True,1,0.3732377318914853,-0.00030055294838698954,-0.030055294838698954,-0.0008059077114241919,1.0008059077114242,1,,
leaf_yolo_n_external,640,common6,medium,condition,S1T1,S1T1,0.3729371789430983,True,1,0.3729371789430983,0.0,0.0,0.0,1.0,1,,
leaf_yolo_n_external,640,common6,medium,condition,S1T2,S1T1,0.3729371789430983,True,1,0.3421999768522267,0.030737202090871607,3.0737202090871607,0.082419248673411,0.917580751326589,1,,
leaf_yolo_n_external,640,common6,medium,condition,S1T3,S1T1,0.3729371789430983,True,1,0.12832520450696386,0.24461197443613444,24.461197443613443,0.6559066466083197,0.34409335339168035,1,,
leaf_yolo_n_external,640,common6,medium,condition,S2T1,S1T1,0.3729371789430983,True,1,0.2990404425871905,0.07389673635590782,7.389673635590782,0.19814794696879168,0.8018520530312083,1,,
leaf_yolo_n_external,640,common6,medium,condition,S2T2,S1T1,0.3729371789430983,True,1,0.26534874305663037,0.10758843588646794,10.758843588646794,0.28848943457815845,0.7115105654218415,1,,
leaf_yolo_n_external,640,common6,medium,condition,S2T3,S1T1,0.3729371789430983,True,1,0.09183434649475236,0.28110283244834594,28.110283244834594,0.7537538446689324,0.24624615533106767,1,,
leaf_yolo_n_external,640,common6,medium,condition,S3T1,S1T1,0.3729371789430983,True,1,0.31046468945270095,0.062472489490397354,6.247248949039736,0.1675147800158837,0.8324852199841163,1,,
leaf_yolo_n_external,640,common6,medium,condition,S3T2,S1T1,0.3729371789430983,True,1,0.292116680429855,0.0808204985132433,8.08204985132433,0.21671343882175576,0.7832865611782442,1,,
leaf_yolo_n_external,640,common6,medium,condition,S3T3,S1T1,0.3729371789430983,True,1,0.09481678076529486,0.27812039817780343,27.81203981778034,0.7457566954466566,0.2542433045533434,1,,
leaf_yolo_n_external,640,common6,medium,matrix9_mean_including_S1T1,aggregate,S1T1,0.3729371789430983,True,9,0.2441204492320792,0.1288167297110191,12.88167297110191,0.345411337309101,0.654588662690899,9,,
leaf_yolo_n_external,640,common6,medium,corrupted8_mean_excluding_S1T1,aggregate,S1T1,0.3729371789430983,True,8,0.22801835801820183,0.14491882092489647,14.491882092489647,0.38858775447273863,0.6114122455272614,8,,
leaf_yolo_n_external,640,common6,medium,corrupted8_worst_excluding_S1T1,aggregate,S1T1,0.3729371789430983,True,8,0.09183434649475236,0.28110283244834594,28.110283244834594,0.7537538446689324,0.24624615533106767,8,,S2T3
leaf_yolo_n_external,640,common6,small,condition,CLEAN,S1T1,0.21960804973982703,True,1,0.21947945660589302,0.00012859313393401295,0.012859313393401295,0.0005855574697118948,0.9994144425302881,1,,
leaf_yolo_n_external,640,common6,small,condition,S1T1,S1T1,0.21960804973982703,True,1,0.21960804973982703,0.0,0.0,0.0,1.0,1,,
leaf_yolo_n_external,640,common6,small,condition,S1T2,S1T1,0.21960804973982703,True,1,0.1807617523251056,0.038846297414721426,3.8846297414721427,0.17688922359969605,0.823110776400304,1,,
leaf_yolo_n_external,640,common6,small,condition,S1T3,S1T1,0.21960804973982703,True,1,0.02256985382080461,0.1970381959190224,19.703819591902242,0.8972266551816135,0.10277334481838646,1,,
leaf_yolo_n_external,640,common6,small,condition,S2T1,S1T1,0.21960804973982703,True,1,0.15861356424469544,0.06099448549513159,6.099448549513159,0.27774248515659006,0.7222575148434099,1,,
leaf_yolo_n_external,640,common6,small,condition,S2T2,S1T1,0.21960804973982703,True,1,0.12447266747634318,0.09513538226348385,9.513538226348386,0.4332053509704775,0.5667946490295225,1,,
leaf_yolo_n_external,640,common6,small,condition,S2T3,S1T1,0.21960804973982703,True,1,0.013902514446628626,0.2057055352931984,20.57055352931984,0.9366939669875528,0.06330603301244715,1,,
leaf_yolo_n_external,640,common6,small,condition,S3T1,S1T1,0.21960804973982703,True,1,0.18955722602203334,0.03005082371779369,3.005082371779369,0.13683844355156993,0.8631615564484301,1,,
leaf_yolo_n_external,640,common6,small,condition,S3T2,S1T1,0.21960804973982703,True,1,0.1488925824586087,0.07071546728121833,7.071546728121833,0.32200762843163544,0.6779923715683646,1,,
leaf_yolo_n_external,640,common6,small,condition,S3T3,S1T1,0.21960804973982703,True,1,0.016964937740127525,0.2026431119996995,20.26431119996995,0.9227490168952088,0.0772509831047912,1,,
leaf_yolo_n_external,640,common6,small,matrix9_mean_including_S1T1,aggregate,S1T1,0.21960804973982703,True,9,0.11948257203046378,0.10012547770936325,10.012547770936326,0.4559280856415938,0.5440719143584062,9,,
leaf_yolo_n_external,640,common6,small,corrupted8_mean_excluding_S1T1,aggregate,S1T1,0.21960804973982703,True,8,0.10696688731679338,0.11264116242303365,11.264116242303365,0.512919096346793,0.487080903653207,8,,
leaf_yolo_n_external,640,common6,small,corrupted8_worst_excluding_S1T1,aggregate,S1T1,0.21960804973982703,True,8,0.013902514446628626,0.2057055352931984,20.57055352931984,0.9366939669875528,0.06330603301244715,8,,S2T3
leaf_yolo_n_external,640,common6,tiny,condition,CLEAN,S1T1,0.08985642019740846,True,1,0.09187178537193978,-0.002015365174531325,-0.2015365174531325,-0.022428727631299994,1.0224287276313,1,,
leaf_yolo_n_external,640,common6,tiny,condition,S1T1,S1T1,0.08985642019740846,True,1,0.08985642019740846,0.0,0.0,0.0,1.0,1,,
leaf_yolo_n_external,640,common6,tiny,condition,S1T2,S1T1,0.08985642019740846,True,1,0.05446161830038779,0.03539480189702067,3.539480189702067,0.39390398392525194,0.6060960160747481,1,,
leaf_yolo_n_external,640,common6,tiny,condition,S1T3,S1T1,0.08985642019740846,True,1,0.005204729411285598,0.08465169078612286,8.465169078612286,0.9420772672687031,0.057922732731296896,1,,
leaf_yolo_n_external,640,common6,tiny,condition,S2T1,S1T1,0.08985642019740846,True,1,0.06061117383466081,0.029245246362747647,2.9245246362747648,0.32546640850478825,0.6745335914952117,1,,
leaf_yolo_n_external,640,common6,tiny,condition,S2T2,S1T1,0.08985642019740846,True,1,0.03475224834723839,0.05510417185017007,5.5104171850170065,0.613246908001787,0.3867530919982129,1,,
leaf_yolo_n_external,640,common6,tiny,condition,S2T3,S1T1,0.08985642019740846,True,1,0.002395047344203405,0.08746137285320506,8.746137285320506,0.9733458406317361,0.02665415936826382,1,,
leaf_yolo_n_external,640,common6,tiny,condition,S3T1,S1T1,0.08985642019740846,True,1,0.08153998143232502,0.008316438765083436,0.8316438765083436,0.09255252709614725,0.9074474729038527,1,,
leaf_yolo_n_external,640,common6,tiny,condition,S3T2,S1T1,0.08985642019740846,True,1,0.04628207587708339,0.043574344320325066,4.357434432032506,0.48493301006867606,0.5150669899313239,1,,
leaf_yolo_n_external,640,common6,tiny,condition,S3T3,S1T1,0.08985642019740846,True,1,0.0018983782376168633,0.0879580419597916,8.795804195979159,0.9788732042357546,0.021126795764245393,1,,
leaf_yolo_n_external,640,common6,tiny,matrix9_mean_including_S1T1,aggregate,S1T1,0.08985642019740846,True,9,0.04188907477580108,0.047967345421607376,4.7967345421607375,0.5338221277480939,0.46617787225190616,9,,
leaf_yolo_n_external,640,common6,tiny,corrupted8_mean_excluding_S1T1,aggregate,S1T1,0.08985642019740846,True,8,0.035893156598100155,0.0539632635993083,5.39632635993083,0.6005498937166056,0.3994501062833944,8,,
leaf_yolo_n_external,640,common6,tiny,corrupted8_worst_excluding_S1T1,aggregate,S1T1,0.08985642019740846,True,8,0.0018983782376168633,0.0879580419597916,8.795804195979159,0.9788732042357546,0.021126795764245393,8,,S3T3
leaf_yolo_n_external,640,native10,all,condition,CLEAN,S1T1,0.22784249091230457,True,1,0.2273403514618908,0.0005021394504137744,0.05021394504137744,0.0022038885214217263,0.9977961114785783,1,,
leaf_yolo_n_external,640,native10,all,condition,S1T1,S1T1,0.22784249091230457,True,1,0.22784249091230457,0.0,0.0,0.0,1.0,1,,
leaf_yolo_n_external,640,native10,all,condition,S1T2,S1T1,0.22784249091230457,True,1,0.19577255067476804,0.03206994023753654,3.2069940237536536,0.14075487021373945,0.8592451297862606,1,,
leaf_yolo_n_external,640,native10,all,condition,S1T3,S1T1,0.22784249091230457,True,1,0.06281889973789363,0.16502359117441096,16.502359117441095,0.7242880400123772,0.2757119599876228,1,,
leaf_yolo_n_external,640,native10,all,condition,S2T1,S1T1,0.22784249091230457,True,1,0.17345578286666752,0.054386708045637056,5.4386708045637056,0.23870309628316966,0.7612969037168303,1,,
leaf_yolo_n_external,640,native10,all,condition,S2T2,S1T1,0.22784249091230457,True,1,0.1430743906553309,0.08476810025697368,8.476810025697368,0.37204693434290315,0.6279530656570969,1,,
leaf_yolo_n_external,640,native10,all,condition,S2T3,S1T1,0.22784249091230457,True,1,0.044208933310750785,0.18363355760155378,18.36335576015538,0.8059671260890201,0.19403287391097992,1,,
leaf_yolo_n_external,640,native10,all,condition,S3T1,S1T1,0.22784249091230457,True,1,0.19400449918540547,0.03383799172689911,3.383799172689911,0.14851484282588523,0.8514851571741148,1,,
leaf_yolo_n_external,640,native10,all,condition,S3T2,S1T1,0.22784249091230457,True,1,0.16643162947881665,0.06141086143348792,6.141086143348792,0.2695320841498553,0.7304679158501447,1,,
leaf_yolo_n_external,640,native10,all,condition,S3T3,S1T1,0.22784249091230457,True,1,0.045746034737000923,0.18209645617530365,18.209645617530366,0.799220792601814,0.20077920739818605,1,,
leaf_yolo_n_external,640,native10,all,matrix9_mean_including_S1T1,aggregate,S1T1,0.22784249091230457,True,9,0.1392616901732154,0.08858080073908917,8.858080073908917,0.38878086516875143,0.6112191348312486,9,,
leaf_yolo_n_external,640,native10,all,corrupted8_mean_excluding_S1T1,aggregate,S1T1,0.22784249091230457,True,8,0.12818909008082924,0.09965340083147534,9.965340083147535,0.4373784733148455,0.5626215266851545,8,,
leaf_yolo_n_external,640,native10,all,corrupted8_worst_excluding_S1T1,aggregate,S1T1,0.22784249091230457,True,8,0.044208933310750785,0.18363355760155378,18.36335576015538,0.8059671260890201,0.19403287391097992,8,,S2T3
leaf_yolo_n_external,640,native10,coco_small,condition,CLEAN,S1T1,0.15131066706229013,True,1,0.15123601175479415,7.465530749597993e-05,0.007465530749597993,0.00049339090855538,0.9995066090914446,1,,
leaf_yolo_n_external,640,native10,coco_small,condition,S1T1,S1T1,0.15131066706229013,True,1,0.15131066706229013,0.0,0.0,0.0,1.0,1,,
leaf_yolo_n_external,640,native10,coco_small,condition,S1T2,S1T1,0.15131066706229013,True,1,0.11479818154339795,0.036512485518892177,3.6512485518892177,0.24130807317015568,0.7586919268298443,1,,
leaf_yolo_n_external,640,native10,coco_small,condition,S1T3,S1T1,0.15131066706229013,True,1,0.013470101224321891,0.13784056583796825,13.784056583796826,0.9109771869634502,0.08902281303654982,1,,
leaf_yolo_n_external,640,native10,coco_small,condition,S2T1,S1T1,0.15131066706229013,True,1,0.10727173167298376,0.044038935389306366,4.403893538930637,0.2910497735838864,0.7089502264161136,1,,
leaf_yolo_n_external,640,native10,coco_small,condition,S2T2,S1T1,0.15131066706229013,True,1,0.07460446184778509,0.07670620521450504,7.670620521450504,0.5069451262344072,0.49305487376559276,1,,
leaf_yolo_n_external,640,native10,coco_small,condition,S2T3,S1T1,0.15131066706229013,True,1,0.008051011349378202,0.14325965571291194,14.325965571291194,0.9467915150617647,0.05320848493823531,1,,
leaf_yolo_n_external,640,native10,coco_small,condition,S3T1,S1T1,0.15131066706229013,True,1,0.12888347997998897,0.022427187082301153,2.2427187082301154,0.14821947135470992,0.8517805286452901,1,,
leaf_yolo_n_external,640,native10,coco_small,condition,S3T2,S1T1,0.15131066706229013,True,1,0.09549422942831078,0.05581643763397935,5.581643763397935,0.36888633642069246,0.6311136635793075,1,,
leaf_yolo_n_external,640,native10,coco_small,condition,S3T3,S1T1,0.15131066706229013,True,1,0.00997272495687296,0.14133794210541717,14.133794210541717,0.9340910647577313,0.0659089352422687,1,,
leaf_yolo_n_external,640,native10,coco_small,matrix9_mean_including_S1T1,aggregate,S1T1,0.15131066706229013,True,9,0.07820628767392553,0.0731043793883646,7.31043793883646,0.48314094972742194,0.5168590502725781,9,,
leaf_yolo_n_external,640,native10,coco_small,corrupted8_mean_excluding_S1T1,aggregate,S1T1,0.15131066706229013,True,8,0.06906824025037996,0.08224242681191017,8.224242681191017,0.5435335684433498,0.4564664315566503,8,,
leaf_yolo_n_external,640,native10,coco_small,corrupted8_worst_excluding_S1T1,aggregate,S1T1,0.15131066706229013,True,8,0.008051011349378202,0.14325965571291194,14.325965571291194,0.9467915150617647,0.05320848493823531,8,,S2T3
leaf_yolo_n_external,640,native10,large,condition,CLEAN,S1T1,0.4052924631251818,True,1,0.40871573737582206,-0.0034232742506402625,-0.34232742506402625,-0.008446429583821136,1.0084464295838211,1,,
leaf_yolo_n_external,640,native10,large,condition,S1T1,S1T1,0.4052924631251818,True,1,0.4052924631251818,0.0,0.0,0.0,1.0,1,,
leaf_yolo_n_external,640,native10,large,condition,S1T2,S1T1,0.4052924631251818,True,1,0.4121141694549453,-0.006821706329763477,-0.6821706329763477,-0.0168315647351589,1.016831564735159,1,,
leaf_yolo_n_external,640,native10,large,condition,S1T3,S1T1,0.4052924631251818,True,1,0.28814302645910145,0.11714943666608035,11.714943666608036,0.2890491369189282,0.7109508630810718,1,,
leaf_yolo_n_external,640,native10,large,condition,S2T1,S1T1,0.4052924631251818,True,1,0.3065210899726799,0.0987713731525019,9.87713731525019,0.2437039474923436,0.7562960525076564,1,,
leaf_yolo_n_external,640,native10,large,condition,S2T2,S1T1,0.4052924631251818,True,1,0.3005281519742446,0.1047643111509372,10.476431115093721,0.25849064732935556,0.7415093526706444,1,,
leaf_yolo_n_external,640,native10,large,condition,S2T3,S1T1,0.4052924631251818,True,1,0.1973183472343563,0.2079741158908255,20.79741158908255,0.5131457769709105,0.4868542230290895,1,,
leaf_yolo_n_external,640,native10,large,condition,S3T1,S1T1,0.4052924631251818,True,1,0.3646321181196095,0.04066034500557231,4.0660345005572305,0.10032346689115124,0.8996765331088488,1,,
leaf_yolo_n_external,640,native10,large,condition,S3T2,S1T1,0.4052924631251818,True,1,0.35972179918366654,0.045570663941515266,4.557066394151526,0.11243896220058736,0.8875610377994126,1,,
leaf_yolo_n_external,640,native10,large,condition,S3T3,S1T1,0.4052924631251818,True,1,0.2068844026163249,0.1984080605088569,19.84080605088569,0.48954293148938977,0.5104570685106102,1,,
leaf_yolo_n_external,640,native10,large,matrix9_mean_including_S1T1,aggregate,S1T1,0.4052924631251818,True,9,0.3156839520155678,0.08960851110961399,8.960851110961398,0.2210959227286119,0.7789040772713881,9,,
leaf_yolo_n_external,640,native10,large,corrupted8_mean_excluding_S1T1,aggregate,S1T1,0.4052924631251818,True,8,0.3044828881268661,0.10080957499831572,10.080957499831571,0.24873291306968837,0.7512670869303116,8,,
leaf_yolo_n_external,640,native10,large,corrupted8_worst_excluding_S1T1,aggregate,S1T1,0.4052924631251818,True,8,0.1973183472343563,0.2079741158908255,20.79741158908255,0.5131457769709105,0.4868542230290895,8,,S2T3
leaf_yolo_n_external,640,native10,medium,condition,CLEAN,S1T1,0.310097037530158,True,1,0.30910859622537024,0.0009884413047877572,0.09884413047877572,0.003187522566034273,0.9968124774339657,1,,
leaf_yolo_n_external,640,native10,medium,condition,S1T1,S1T1,0.310097037530158,True,1,0.310097037530158,0.0,0.0,0.0,1.0,1,,
leaf_yolo_n_external,640,native10,medium,condition,S1T2,S1T1,0.310097037530158,True,1,0.28598978546712056,0.024107252063037432,2.410725206303743,0.07774099441595894,0.9222590055840411,1,,
leaf_yolo_n_external,640,native10,medium,condition,S1T3,S1T1,0.310097037530158,True,1,0.10118642214501386,0.20891061538514413,20.891061538514414,0.6736943282304877,0.32630567176951225,1,,
leaf_yolo_n_external,640,native10,medium,condition,S2T1,S1T1,0.310097037530158,True,1,0.24427823338859062,0.06581880414156738,6.581880414156737,0.2122522829169765,0.7877477170830235,1,,
leaf_yolo_n_external,640,native10,medium,condition,S2T2,S1T1,0.310097037530158,True,1,0.2180088001646368,0.09208823736552119,9.20882373655212,0.2969658726796618,0.7030341273203382,1,,
leaf_yolo_n_external,640,native10,medium,condition,S2T3,S1T1,0.310097037530158,True,1,0.07145167795382232,0.23864535957633567,23.864535957633567,0.7695828424453317,0.23041715755466835,1,,
leaf_yolo_n_external,640,native10,medium,condition,S3T1,S1T1,0.310097037530158,True,1,0.25595763525484,0.054139402275317994,5.4139402275318,0.17458858267890665,0.8254114173210934,1,,
leaf_yolo_n_external,640,native10,medium,condition,S3T2,S1T1,0.310097037530158,True,1,0.23840951041039338,0.07168752711976462,7.168752711976461,0.23117772324023822,0.7688222767597618,1,,
leaf_yolo_n_external,640,native10,medium,condition,S3T3,S1T1,0.310097037530158,True,1,0.07406478832540286,0.23603224920475513,23.603224920475512,0.7611560919275154,0.2388439080724846,1,,
leaf_yolo_n_external,640,native10,medium,matrix9_mean_including_S1T1,aggregate,S1T1,0.310097037530158,True,9,0.1999382100711087,0.11015882745904929,11.015882745904928,0.35523985761500854,0.6447601423849915,9,,
leaf_yolo_n_external,640,native10,medium,corrupted8_mean_excluding_S1T1,aggregate,S1T1,0.310097037530158,True,8,0.18616835663872755,0.12392868089143044,12.392868089143045,0.3996448398168846,0.6003551601831154,8,,
leaf_yolo_n_external,640,native10,medium,corrupted8_worst_excluding_S1T1,aggregate,S1T1,0.310097037530158,True,8,0.07145167795382232,0.23864535957633567,23.864535957633567,0.7695828424453317,0.23041715755466835,8,,S2T3
leaf_yolo_n_external,640,native10,small,condition,CLEAN,S1T1,0.18979216599759768,True,1,0.18989234301546565,-0.00010017701786796396,-0.010017701786796396,-0.0005278248306057609,1.0005278248306058,1,,
leaf_yolo_n_external,640,native10,small,condition,S1T1,S1T1,0.18979216599759768,True,1,0.18979216599759768,0.0,0.0,0.0,1.0,1,,
leaf_yolo_n_external,640,native10,small,condition,S1T2,S1T1,0.18979216599759768,True,1,0.1544019800447347,0.035390185952862974,3.539018595286297,0.18646810718894968,0.8135318928110503,1,,
leaf_yolo_n_external,640,native10,small,condition,S1T3,S1T1,0.18979216599759768,True,1,0.020107196772704387,0.1696849692248933,16.96849692248933,0.8940567611575765,0.10594323884242354,1,,
leaf_yolo_n_external,640,native10,small,condition,S2T1,S1T1,0.18979216599759768,True,1,0.13755241897653558,0.0522397470210621,5.22397470210621,0.2752471196399293,0.7247528803600707,1,,
leaf_yolo_n_external,640,native10,small,condition,S2T2,S1T1,0.18979216599759768,True,1,0.10320490854366368,0.086587257453934,8.6587257453934,0.45622145149568494,0.5437785485043151,1,,
leaf_yolo_n_external,640,native10,small,condition,S2T3,S1T1,0.18979216599759768,True,1,0.012011958098985006,0.17778020789861268,17.77802078986127,0.9367099372313552,0.06329006276864477,1,,
leaf_yolo_n_external,640,native10,small,condition,S3T1,S1T1,0.18979216599759768,True,1,0.15940815176024636,0.03038401423735132,3.038401423735132,0.160090982036297,0.839909017963703,1,,
leaf_yolo_n_external,640,native10,small,condition,S3T2,S1T1,0.18979216599759768,True,1,0.12606595766445508,0.0637262083331426,6.372620833314261,0.33576838115620233,0.6642316188437977,1,,
leaf_yolo_n_external,640,native10,small,condition,S3T3,S1T1,0.18979216599759768,True,1,0.014559559238424462,0.1752326067591732,17.52326067591732,0.9232868271359064,0.07671317286409361,1,,
leaf_yolo_n_external,640,native10,small,matrix9_mean_including_S1T1,aggregate,S1T1,0.18979216599759768,True,9,0.10190047745526078,0.08789168854233691,8.78916885423369,0.463094396337989,0.536905603662011,9,,
leaf_yolo_n_external,640,native10,small,corrupted8_mean_excluding_S1T1,aggregate,S1T1,0.18979216599759768,True,8,0.09091401638746865,0.09887814961012903,9.887814961012904,0.5209811958802377,0.4790188041197623,8,,
leaf_yolo_n_external,640,native10,small,corrupted8_worst_excluding_S1T1,aggregate,S1T1,0.18979216599759768,True,8,0.012011958098985006,0.17778020789861268,17.77802078986127,0.9367099372313552,0.06329006276864477,8,,S2T3
leaf_yolo_n_external,640,native10,tiny,condition,CLEAN,S1T1,0.09154172710568435,True,1,0.09159435386696108,-5.262676127672228e-05,-0.005262676127672228,-0.0005748936899121482,1.0005748936899121,1,,
leaf_yolo_n_external,640,native10,tiny,condition,S1T1,S1T1,0.09154172710568435,True,1,0.09154172710568435,0.0,0.0,0.0,1.0,1,,
leaf_yolo_n_external,640,native10,tiny,condition,S1T2,S1T1,0.09154172710568435,True,1,0.05320385913132785,0.0383378679743565,3.8337867974356503,0.4188021046412602,0.5811978953587398,1,,
leaf_yolo_n_external,640,native10,tiny,condition,S1T3,S1T1,0.09154172710568435,True,1,0.003871894480626598,0.08766983262505776,8.766983262505775,0.9577035019652129,0.042296498034787126,1,,
leaf_yolo_n_external,640,native10,tiny,condition,S2T1,S1T1,0.09154172710568435,True,1,0.062342195349805514,0.02919953175587884,2.919953175587884,0.3189751021648102,0.6810248978351898,1,,
leaf_yolo_n_external,640,native10,tiny,condition,S2T2,S1T1,0.09154172710568435,True,1,0.03243824695060862,0.05910348015507574,5.910348015507574,0.6456452376831512,0.3543547623168488,1,,
leaf_yolo_n_external,640,native10,tiny,condition,S2T3,S1T1,0.09154172710568435,True,1,0.0019310344617581036,0.08961069264392625,8.961069264392625,0.9789054180774989,0.02109458192250116,1,,
leaf_yolo_n_external,640,native10,tiny,condition,S3T1,S1T1,0.09154172710568435,True,1,0.08416511901581389,0.007376608089870465,0.7376608089870464,0.08058191955843497,0.919418080441565,1,,
leaf_yolo_n_external,640,native10,tiny,condition,S3T2,S1T1,0.09154172710568435,True,1,0.048531490711011094,0.04301023639467326,4.301023639467326,0.4698429640181271,0.5301570359818729,1,,
leaf_yolo_n_external,640,native10,tiny,condition,S3T3,S1T1,0.09154172710568435,True,1,0.0017082100232867733,0.08983351708239758,8.983351708239757,0.981339547796442,0.018660452203558005,1,,
leaf_yolo_n_external,640,native10,tiny,matrix9_mean_including_S1T1,aggregate,S1T1,0.09154172710568435,True,9,0.04219264191443586,0.04934908519124849,4.934908519124849,0.5390884217672153,0.4609115782327847,9,,
leaf_yolo_n_external,640,native10,tiny,corrupted8_mean_excluding_S1T1,aggregate,S1T1,0.09154172710568435,True,8,0.036024006265529804,0.05551772084015455,5.551772084015455,0.6064744744881172,0.3935255255118828,8,,
leaf_yolo_n_external,640,native10,tiny,corrupted8_worst_excluding_S1T1,aggregate,S1T1,0.09154172710568435,True,8,0.0017082100232867733,0.08983351708239758,8.983351708239757,0.981339547796442,0.018660452203558005,8,,S3T3
leaf_yolo_n_external,1280,common6,all,condition,CLEAN,S1T1,0.3142124058554132,True,1,0.31436114101506796,-0.00014873515965474482,-0.014873515965474482,-0.0004733586481089347,1.000473358648109,1,,
leaf_yolo_n_external,1280,common6,all,condition,S1T1,S1T1,0.3142124058554132,True,1,0.3142124058554132,0.0,0.0,0.0,1.0,1,,
leaf_yolo_n_external,1280,common6,all,condition,S1T2,S1T1,0.3142124058554132,True,1,0.21769380564641913,0.09651860020899408,9.651860020899408,0.3071762871559174,0.6928237128440826,1,,
leaf_yolo_n_external,1280,common6,all,condition,S1T3,S1T1,0.3142124058554132,True,1,0.04111336063901967,0.27309904521639355,27.309904521639357,0.8691542412939028,0.1308457587060972,1,,
leaf_yolo_n_external,1280,common6,all,condition,S2T1,S1T1,0.3142124058554132,True,1,0.2289401091786607,0.08527229667675251,8.52722966767525,0.2713842454584403,0.7286157545415597,1,,
leaf_yolo_n_external,1280,common6,all,condition,S2T2,S1T1,0.3142124058554132,True,1,0.1466978257526757,0.1675145801027375,16.75145801027375,0.5331252903484034,0.46687470965159666,1,,
leaf_yolo_n_external,1280,common6,all,condition,S2T3,S1T1,0.3142124058554132,True,1,0.029901558094241977,0.2843108477611712,28.43108477611712,0.9048364815105315,0.09516351848946844,1,,
leaf_yolo_n_external,1280,common6,all,condition,S3T1,S1T1,0.3142124058554132,True,1,0.2697694818090257,0.0444429240463875,4.44429240463875,0.14144229577885659,0.8585577042211434,1,,
leaf_yolo_n_external,1280,common6,all,condition,S3T2,S1T1,0.3142124058554132,True,1,0.19456863356805115,0.11964377228736206,11.964377228736206,0.38077354699488497,0.619226453005115,1,,
leaf_yolo_n_external,1280,common6,all,condition,S3T3,S1T1,0.3142124058554132,True,1,0.024925661318936712,0.2892867445364765,28.928674453647652,0.9206725741745334,0.07932742582546665,1,,
leaf_yolo_n_external,1280,common6,all,matrix9_mean_including_S1T1,aggregate,S1T1,0.3142124058554132,True,9,0.1630914268736049,0.15112097898180832,15.112097898180831,0.48095166252394117,0.5190483374760588,9,,
leaf_yolo_n_external,1280,common6,all,corrupted8_mean_excluding_S1T1,aggregate,S1T1,0.3142124058554132,True,8,0.14420130450087884,0.17001110135453437,17.001110135453438,0.5410706203394338,0.4589293796605662,8,,
leaf_yolo_n_external,1280,common6,all,corrupted8_worst_excluding_S1T1,aggregate,S1T1,0.3142124058554132,True,8,0.024925661318936712,0.2892867445364765,28.928674453647652,0.9206725741745334,0.07932742582546665,8,,S3T3
leaf_yolo_n_external,1280,common6,coco_small,condition,CLEAN,S1T1,0.2454293802684368,True,1,0.24580536790424914,-0.0003759876358123415,-0.03759876358123415,-0.0015319585430282334,1.0015319585430282,1,,
leaf_yolo_n_external,1280,common6,coco_small,condition,S1T1,S1T1,0.2454293802684368,True,1,0.2454293802684368,0.0,0.0,0.0,1.0,1,,
leaf_yolo_n_external,1280,common6,coco_small,condition,S1T2,S1T1,0.2454293802684368,True,1,0.13643509870007772,0.10899428156835908,10.899428156835908,0.44409630765944685,0.5559036923405531,1,,
leaf_yolo_n_external,1280,common6,coco_small,condition,S1T3,S1T1,0.2454293802684368,True,1,0.006410922110309134,0.23901845815812767,23.901845815812766,0.973878750362743,0.026121249637257076,1,,
leaf_yolo_n_external,1280,common6,coco_small,condition,S2T1,S1T1,0.2454293802684368,True,1,0.16526289563817334,0.08016648463026346,8.016648463026346,0.3266376851157017,0.6733623148842983,1,,
leaf_yolo_n_external,1280,common6,coco_small,condition,S2T2,S1T1,0.2454293802684368,True,1,0.080590090266947,0.1648392900014898,16.48392900014898,0.6716363371866803,0.3283636628133197,1,,
leaf_yolo_n_external,1280,common6,coco_small,condition,S2T3,S1T1,0.2454293802684368,True,1,0.005077681159345299,0.24035169910909152,24.03516991090915,0.9793110296990865,0.020688970300913517,1,,
leaf_yolo_n_external,1280,common6,coco_small,condition,S3T1,S1T1,0.2454293802684368,True,1,0.21262943836864076,0.03279994189979604,3.2799941899796043,0.13364309466096247,0.8663569053390375,1,,
leaf_yolo_n_external,1280,common6,coco_small,condition,S3T2,S1T1,0.2454293802684368,True,1,0.12423140557880265,0.12119797468963416,12.119797468963416,0.49382015534193446,0.5061798446580655,1,,
leaf_yolo_n_external,1280,common6,coco_small,condition,S3T3,S1T1,0.2454293802684368,True,1,0.0036013233532083185,0.2418280569152285,24.182805691522848,0.985326437489801,0.01467356251019904,1,,
leaf_yolo_n_external,1280,common6,coco_small,matrix9_mean_including_S1T1,aggregate,S1T1,0.2454293802684368,True,9,0.10885202616043789,0.13657735410799893,13.657735410799893,0.5564833108351507,0.4435166891648493,9,,
leaf_yolo_n_external,1280,common6,coco_small,corrupted8_mean_excluding_S1T1,aggregate,S1T1,0.2454293802684368,True,8,0.09177985689693803,0.1536495233714988,15.364952337149878,0.6260437246895445,0.3739562753104555,8,,
leaf_yolo_n_external,1280,common6,coco_small,corrupted8_worst_excluding_S1T1,aggregate,S1T1,0.2454293802684368,True,8,0.0036013233532083185,0.2418280569152285,24.182805691522848,0.985326437489801,0.01467356251019904,8,,S3T3
leaf_yolo_n_external,1280,common6,large,condition,CLEAN,S1T1,0.3406651977317621,True,1,0.34239935084269313,-0.0017341531109310027,-0.17341531109310027,-0.005090490964376304,1.0050904909643763,1,,
leaf_yolo_n_external,1280,common6,large,condition,S1T1,S1T1,0.3406651977317621,True,1,0.3406651977317621,0.0,0.0,0.0,1.0,1,,
leaf_yolo_n_external,1280,common6,large,condition,S1T2,S1T1,0.3406651977317621,True,1,0.3333909315611344,0.007274266170627708,0.7274266170627708,0.021353123885450187,0.9786468761145498,1,,
leaf_yolo_n_external,1280,common6,large,condition,S1T3,S1T1,0.3406651977317621,True,1,0.1435256385149986,0.19713955921676352,19.71395592167635,0.5786900467948302,0.4213099532051698,1,,
leaf_yolo_n_external,1280,common6,large,condition,S2T1,S1T1,0.3406651977317621,True,1,0.27858732048233487,0.06207787724942726,6.207787724942726,0.18222547434477598,0.817774525655224,1,,
leaf_yolo_n_external,1280,common6,large,condition,S2T2,S1T1,0.3406651977317621,True,1,0.24889248897812782,0.0917727087536343,9.17727087536343,0.26939267458102845,0.7306073254189716,1,,
leaf_yolo_n_external,1280,common6,large,condition,S2T3,S1T1,0.3406651977317621,True,1,0.10232788342456553,0.2383373143071966,23.83373143071966,0.6996233131359137,0.30037668686408625,1,,
leaf_yolo_n_external,1280,common6,large,condition,S3T1,S1T1,0.3406651977317621,True,1,0.3076921811659731,0.03297301656578905,3.297301656578905,0.09679009416087114,0.9032099058391289,1,,
leaf_yolo_n_external,1280,common6,large,condition,S3T2,S1T1,0.3406651977317621,True,1,0.29293740555183173,0.047727792179930395,4.7727792179930395,0.14010175532374458,0.8598982446762554,1,,
leaf_yolo_n_external,1280,common6,large,condition,S3T3,S1T1,0.3406651977317621,True,1,0.0931012267207533,0.24756397101100883,24.756397101100884,0.7267075494043842,0.27329245059561585,1,,
leaf_yolo_n_external,1280,common6,large,matrix9_mean_including_S1T1,aggregate,S1T1,0.3406651977317621,True,9,0.2379022526812757,0.10276294505048642,10.276294505048641,0.3016537812923332,0.6983462187076668,9,,
leaf_yolo_n_external,1280,common6,large,corrupted8_mean_excluding_S1T1,aggregate,S1T1,0.3406651977317621,True,8,0.22505688454996492,0.1156083131817972,11.560831318179721,0.33936050395387485,0.6606394960461252,8,,
leaf_yolo_n_external,1280,common6,large,corrupted8_worst_excluding_S1T1,aggregate,S1T1,0.3406651977317621,True,8,0.0931012267207533,0.24756397101100883,24.756397101100884,0.7267075494043842,0.27329245059561585,8,,S3T3
leaf_yolo_n_external,1280,common6,medium,condition,CLEAN,S1T1,0.3904666811103361,True,1,0.3902986475053463,0.00016803360498979236,0.016803360498979236,0.0004303404441884373,0.9995696595558116,1,,
leaf_yolo_n_external,1280,common6,medium,condition,S1T1,S1T1,0.3904666811103361,True,1,0.3904666811103361,0.0,0.0,0.0,1.0,1,,
leaf_yolo_n_external,1280,common6,medium,condition,S1T2,S1T1,0.3904666811103361,True,1,0.3141699978957667,0.0762966832145694,7.62966832145694,0.19539870341205856,0.8046012965879414,1,,
leaf_yolo_n_external,1280,common6,medium,condition,S1T3,S1T1,0.3904666811103361,True,1,0.06487062110828519,0.32559606000205094,32.55960600020509,0.8338638755967135,0.16613612440328648,1,,
leaf_yolo_n_external,1280,common6,medium,condition,S2T1,S1T1,0.3904666811103361,True,1,0.3020026337393986,0.08846404737093749,8.84640473709375,0.2265597851252762,0.7734402148747238,1,,
leaf_yolo_n_external,1280,common6,medium,condition,S2T2,S1T1,0.3904666811103361,True,1,0.21776030423590842,0.1727063768744277,17.27063768744277,0.4423075904538579,0.5576924095461421,1,,
leaf_yolo_n_external,1280,common6,medium,condition,S2T3,S1T1,0.3904666811103361,True,1,0.047430403432409805,0.3430362776779263,34.303627767792634,0.8785289354330155,0.12147106456698455,1,,
leaf_yolo_n_external,1280,common6,medium,condition,S3T1,S1T1,0.3904666811103361,True,1,0.3289361890153487,0.0615304920949874,6.1530492094987395,0.15758192714425334,0.8424180728557467,1,,
leaf_yolo_n_external,1280,common6,medium,condition,S3T2,S1T1,0.3904666811103361,True,1,0.2748247335848194,0.11564194752551671,11.564194752551671,0.2961634196205314,0.7038365803794686,1,,
leaf_yolo_n_external,1280,common6,medium,condition,S3T3,S1T1,0.3904666811103361,True,1,0.04464874302896945,0.3458179380813667,34.581793808136666,0.8856528733719208,0.11434712662807926,1,,
leaf_yolo_n_external,1280,common6,medium,matrix9_mean_including_S1T1,aggregate,S1T1,0.3904666811103361,True,9,0.2205678119056936,0.1698988692046425,16.98988692046425,0.4351174566841808,0.5648825433158192,9,,
leaf_yolo_n_external,1280,common6,medium,corrupted8_mean_excluding_S1T1,aggregate,S1T1,0.3904666811103361,True,8,0.19933045325511328,0.19113622785522283,19.11362278552228,0.4895071387697034,0.5104928612302966,8,,
leaf_yolo_n_external,1280,common6,medium,corrupted8_worst_excluding_S1T1,aggregate,S1T1,0.3904666811103361,True,8,0.04464874302896945,0.3458179380813667,34.581793808136666,0.8856528733719208,0.11434712662807926,8,,S3T3
leaf_yolo_n_external,1280,common6,small,condition,CLEAN,S1T1,0.29760526941716625,True,1,0.2982063912076845,-0.0006011217905182442,-0.06011217905182442,-0.0020198627251979406,1.002019862725198,1,,
leaf_yolo_n_external,1280,common6,small,condition,S1T1,S1T1,0.29760526941716625,True,1,0.29760526941716625,0.0,0.0,0.0,1.0,1,,
leaf_yolo_n_external,1280,common6,small,condition,S1T2,S1T1,0.29760526941716625,True,1,0.18301850702185982,0.11458676239530644,11.458676239530643,0.38502934648877196,0.614970653511228,1,,
leaf_yolo_n_external,1280,common6,small,condition,S1T3,S1T1,0.29760526941716625,True,1,0.010296524197269867,0.2873087452198964,28.73087452198964,0.9654020769946893,0.034597923005310706,1,,
leaf_yolo_n_external,1280,common6,small,condition,S2T1,S1T1,0.29760526941716625,True,1,0.21033629922529282,0.08726897019187344,8.726897019187344,0.29323731519533247,0.7067626848046675,1,,
leaf_yolo_n_external,1280,common6,small,condition,S2T2,S1T1,0.29760526941716625,True,1,0.11584086326884814,0.18176440614831813,18.17644061483181,0.6107566794912191,0.3892433205087809,1,,
leaf_yolo_n_external,1280,common6,small,condition,S2T3,S1T1,0.29760526941716625,True,1,0.0073708925108932994,0.29023437690627296,29.023437690627297,0.9752326545651273,0.024767345434872655,1,,
leaf_yolo_n_external,1280,common6,small,condition,S3T1,S1T1,0.29760526941716625,True,1,0.25046399343012776,0.04714127598703849,4.714127598703849,0.15840202049970598,0.841597979500294,1,,
leaf_yolo_n_external,1280,common6,small,condition,S3T2,S1T1,0.29760526941716625,True,1,0.167260919450568,0.13034434996659824,13.034434996659824,0.4379772919406507,0.5620227080593493,1,,
leaf_yolo_n_external,1280,common6,small,condition,S3T3,S1T1,0.29760526941716625,True,1,0.00551815190355499,0.29208711751361127,29.20871175136113,0.9814581512136469,0.018541848786353163,1,,
leaf_yolo_n_external,1280,common6,small,matrix9_mean_including_S1T1,aggregate,S1T1,0.29760526941716625,True,9,0.138634602269509,0.15897066714765726,15.897066714765726,0.5341661707099048,0.46583382929009515,9,,
leaf_yolo_n_external,1280,common6,small,corrupted8_mean_excluding_S1T1,aggregate,S1T1,0.29760526941716625,True,8,0.11876326887605183,0.17884200054111443,17.884200054111442,0.600936942048643,0.399063057951357,8,,
leaf_yolo_n_external,1280,common6,small,corrupted8_worst_excluding_S1T1,aggregate,S1T1,0.29760526941716625,True,8,0.00551815190355499,0.29208711751361127,29.20871175136113,0.9814581512136469,0.018541848786353163,8,,S3T3
leaf_yolo_n_external,1280,common6,tiny,condition,CLEAN,S1T1,0.15382410189849832,True,1,0.15290271070664074,0.000921391191857579,0.0921391191857579,0.00598990132551247,0.9940100986744875,1,,
leaf_yolo_n_external,1280,common6,tiny,condition,S1T1,S1T1,0.15382410189849832,True,1,0.15382410189849832,0.0,0.0,0.0,1.0,1,,
leaf_yolo_n_external,1280,common6,tiny,condition,S1T2,S1T1,0.15382410189849832,True,1,0.06266968877506576,0.09115441312343256,9.115441312343256,0.5925886255691016,0.40741137443089837,1,,
leaf_yolo_n_external,1280,common6,tiny,condition,S1T3,S1T1,0.15382410189849832,True,1,0.0008723053913196383,0.1529517965071787,15.295179650717868,0.9943292021175248,0.0056707978824751,1,,
leaf_yolo_n_external,1280,common6,tiny,condition,S2T1,S1T1,0.15382410189849832,True,1,0.09278651552467962,0.0610375863738187,6.10375863738187,0.3968011879834975,0.6031988120165025,1,,
leaf_yolo_n_external,1280,common6,tiny,condition,S2T2,S1T1,0.15382410189849832,True,1,0.02791711839921792,0.1259069834992804,12.59069834992804,0.8185127164425821,0.18148728355741797,1,,
leaf_yolo_n_external,1280,common6,tiny,condition,S2T3,S1T1,0.15382410189849832,True,1,0.0010367131385124132,0.1527873887599859,15.27873887599859,0.9932603985609714,0.006739601439028678,1,,
leaf_yolo_n_external,1280,common6,tiny,condition,S3T1,S1T1,0.15382410189849832,True,1,0.14993975559084244,0.0038843463076558837,0.3884346307655884,0.02525187054379152,0.9747481294562085,1,,
leaf_yolo_n_external,1280,common6,tiny,condition,S3T2,S1T1,0.15382410189849832,True,1,0.05254049196399516,0.10128360993450317,10.128360993450316,0.6584378435138578,0.3415621564861422,1,,
leaf_yolo_n_external,1280,common6,tiny,condition,S3T3,S1T1,0.15382410189849832,True,1,0.0003088662489232492,0.15351523564957506,15.351523564957507,0.9979920815716704,0.0020079184283296274,1,,
leaf_yolo_n_external,1280,common6,tiny,matrix9_mean_including_S1T1,aggregate,S1T1,0.15382410189849832,True,9,0.06021061743678383,0.0936134844617145,9.36134844617145,0.608574880700333,0.39142511929966695,9,,
leaf_yolo_n_external,1280,common6,tiny,corrupted8_mean_excluding_S1T1,aggregate,S1T1,0.15382410189849832,True,8,0.048508931879069524,0.1053151700194288,10.53151700194288,0.6846467407878747,0.31535325921212537,8,,
leaf_yolo_n_external,1280,common6,tiny,corrupted8_worst_excluding_S1T1,aggregate,S1T1,0.15382410189849832,True,8,0.0003088662489232492,0.15351523564957506,15.351523564957507,0.9979920815716704,0.0020079184283296274,8,,S3T3
leaf_yolo_n_external,1280,native10,all,condition,CLEAN,S1T1,0.26612985664030486,True,1,0.26597685062738424,0.0001530060129206201,0.01530060129206201,0.0005749299039656819,0.9994250700960343,1,,
leaf_yolo_n_external,1280,native10,all,condition,S1T1,S1T1,0.26612985664030486,True,1,0.26612985664030486,0.0,0.0,0.0,1.0,1,,
leaf_yolo_n_external,1280,native10,all,condition,S1T2,S1T1,0.26612985664030486,True,1,0.18111793990693134,0.08501191673337352,8.501191673337352,0.3194377279069207,0.6805622720930793,1,,
leaf_yolo_n_external,1280,native10,all,condition,S1T3,S1T1,0.26612985664030486,True,1,0.02920772171062495,0.23692213492967992,23.69221349296799,0.8902501129360264,0.10974988706397362,1,,
leaf_yolo_n_external,1280,native10,all,condition,S2T1,S1T1,0.26612985664030486,True,1,0.19225687836195093,0.07387297827835393,7.387297827835393,0.27758245245740687,0.7224175475425931,1,,
leaf_yolo_n_external,1280,native10,all,condition,S2T2,S1T1,0.26612985664030486,True,1,0.11882510151593094,0.1473047551243739,14.73047551243739,0.553507062243932,0.446492937756068,1,,
leaf_yolo_n_external,1280,native10,all,condition,S2T3,S1T1,0.26612985664030486,True,1,0.021028463544334974,0.2451013930959699,24.51013930959699,0.9209841999323038,0.07901580006769618,1,,
leaf_yolo_n_external,1280,native10,all,condition,S3T1,S1T1,0.26612985664030486,True,1,0.2262390383628351,0.039890818277469764,3.9890818277469764,0.14989230739106918,0.8501076926089308,1,,
leaf_yolo_n_external,1280,native10,all,condition,S3T2,S1T1,0.26612985664030486,True,1,0.16129295908914051,0.10483689755116435,10.483689755116435,0.39393136446490307,0.6060686355350969,1,,
leaf_yolo_n_external,1280,native10,all,condition,S3T3,S1T1,0.26612985664030486,True,1,0.019097746632516892,0.24703211000778796,24.703211000778797,0.9282389925218764,0.07176100747812365,1,,
leaf_yolo_n_external,1280,native10,all,matrix9_mean_including_S1T1,aggregate,S1T1,0.26612985664030486,True,9,0.1350217450849523,0.13110811155535257,13.110811155535258,0.492647135539382,0.507352864460618,9,,
leaf_yolo_n_external,1280,native10,all,corrupted8_mean_excluding_S1T1,aggregate,S1T1,0.26612985664030486,True,8,0.1186332311405332,0.14749662549977166,14.749662549977167,0.5542280274818048,0.44577197251819517,8,,
leaf_yolo_n_external,1280,native10,all,corrupted8_worst_excluding_S1T1,aggregate,S1T1,0.26612985664030486,True,8,0.019097746632516892,0.24703211000778796,24.703211000778797,0.9282389925218764,0.07176100747812365,8,,S3T3
leaf_yolo_n_external,1280,native10,coco_small,condition,CLEAN,S1T1,0.21360955102735874,True,1,0.2135006143693186,0.00010893665804012631,0.010893665804012631,0.0005099802771748596,0.9994900197228251,1,,
leaf_yolo_n_external,1280,native10,coco_small,condition,S1T1,S1T1,0.21360955102735874,True,1,0.21360955102735874,0.0,0.0,0.0,1.0,1,,
leaf_yolo_n_external,1280,native10,coco_small,condition,S1T2,S1T1,0.21360955102735874,True,1,0.11608995354328377,0.09751959748407496,9.751959748407495,0.4565320090560221,0.5434679909439779,1,,
leaf_yolo_n_external,1280,native10,coco_small,condition,S1T3,S1T1,0.21360955102735874,True,1,0.005865915553629975,0.20774363547372876,20.774363547372875,0.9725390764344677,0.027460923565532327,1,,
leaf_yolo_n_external,1280,native10,coco_small,condition,S2T1,S1T1,0.21360955102735874,True,1,0.141543166508242,0.07206638451911673,7.206638451911673,0.33737435509092284,0.6626256449090772,1,,
leaf_yolo_n_external,1280,native10,coco_small,condition,S2T2,S1T1,0.21360955102735874,True,1,0.06655567625968546,0.1470538747676733,14.705387476767328,0.6884236873324024,0.31157631266759755,1,,
leaf_yolo_n_external,1280,native10,coco_small,condition,S2T3,S1T1,0.21360955102735874,True,1,0.0042344749640393425,0.2093750760633194,20.93750760633194,0.9801765654032155,0.019823434596784477,1,,
leaf_yolo_n_external,1280,native10,coco_small,condition,S3T1,S1T1,0.21360955102735874,True,1,0.18264080825734155,0.030968742770017182,3.096874277001718,0.14497826815829395,0.855021731841706,1,,
leaf_yolo_n_external,1280,native10,coco_small,condition,S3T2,S1T1,0.21360955102735874,True,1,0.1061194350755509,0.10749011595180784,10.749011595180784,0.5032083791891904,0.49679162081080963,1,,
leaf_yolo_n_external,1280,native10,coco_small,condition,S3T3,S1T1,0.21360955102735874,True,1,0.003207426182942752,0.21040212484441598,21.040212484441597,0.9849846312231051,0.015015368776894954,1,,
leaf_yolo_n_external,1280,native10,coco_small,matrix9_mean_including_S1T1,aggregate,S1T1,0.21360955102735874,True,9,0.09331848970800828,0.12029106131935045,12.029106131935045,0.5631352190986244,0.4368647809013756,9,,
leaf_yolo_n_external,1280,native10,coco_small,corrupted8_mean_excluding_S1T1,aggregate,S1T1,0.21360955102735874,True,8,0.07828210704308947,0.13532744398426927,13.532744398426926,0.6335271214859526,0.3664728785140475,8,,
leaf_yolo_n_external,1280,native10,coco_small,corrupted8_worst_excluding_S1T1,aggregate,S1T1,0.21360955102735874,True,8,0.003207426182942752,0.21040212484441598,21.040212484441597,0.9849846312231051,0.015015368776894954,8,,S3T3
leaf_yolo_n_external,1280,native10,large,condition,CLEAN,S1T1,0.2792569421278163,True,1,0.2816428426437447,-0.002385900515928352,-0.2385900515928352,-0.008543746478597125,1.0085437464785971,1,,
leaf_yolo_n_external,1280,native10,large,condition,S1T1,S1T1,0.2792569421278163,True,1,0.2792569421278163,0.0,0.0,0.0,1.0,1,,
leaf_yolo_n_external,1280,native10,large,condition,S1T2,S1T1,0.2792569421278163,True,1,0.26527441928077755,0.01398252284703877,1.398252284703877,0.05007045748083483,0.9499295425191652,1,,
leaf_yolo_n_external,1280,native10,large,condition,S1T3,S1T1,0.2792569421278163,True,1,0.09786575652002828,0.18139118560778805,18.139118560778805,0.6495494229280969,0.35045057707190314,1,,
leaf_yolo_n_external,1280,native10,large,condition,S2T1,S1T1,0.2792569421278163,True,1,0.22093994755550064,0.05831699457231568,5.831699457231568,0.2088291668882627,0.7911708331117373,1,,
leaf_yolo_n_external,1280,native10,large,condition,S2T2,S1T1,0.2792569421278163,True,1,0.18625347787180518,0.09300346425601114,9.300346425601113,0.3330390412047243,0.6669609587952757,1,,
leaf_yolo_n_external,1280,native10,large,condition,S2T3,S1T1,0.2792569421278163,True,1,0.06520968387603787,0.21404725825177845,21.404725825177845,0.7664885843869503,0.23351141561304967,1,,
leaf_yolo_n_external,1280,native10,large,condition,S3T1,S1T1,0.2792569421278163,True,1,0.2505626418098738,0.02869430031794251,2.869430031794251,0.10275232586629512,0.8972476741337049,1,,
leaf_yolo_n_external,1280,native10,large,condition,S3T2,S1T1,0.2792569421278163,True,1,0.2343848051643159,0.044872136963500425,4.487213696350042,0.1606840518326752,0.8393159481673248,1,,
leaf_yolo_n_external,1280,native10,large,condition,S3T3,S1T1,0.2792569421278163,True,1,0.06938485990810525,0.20987208221971107,20.987208221971105,0.7515375647265102,0.2484624352734898,1,,
leaf_yolo_n_external,1280,native10,large,matrix9_mean_including_S1T1,aggregate,S1T1,0.2792569421278163,True,9,0.1854591704571401,0.09379777167067621,9.37977716706762,0.33588340170159436,0.6641165982984056,9,,
leaf_yolo_n_external,1280,native10,large,corrupted8_mean_excluding_S1T1,aggregate,S1T1,0.2792569421278163,True,8,0.17373444899830556,0.10552249312951076,10.552249312951076,0.3778688269142937,0.6221311730857063,8,,
leaf_yolo_n_external,1280,native10,large,corrupted8_worst_excluding_S1T1,aggregate,S1T1,0.2792569421278163,True,8,0.06520968387603787,0.21404725825177845,21.404725825177845,0.7664885843869503,0.23351141561304967,8,,S2T3
leaf_yolo_n_external,1280,native10,medium,condition,CLEAN,S1T1,0.3225491345271677,True,1,0.32212737218456255,0.00042176234260515866,0.042176234260515866,0.0013075909914420647,0.9986924090085579,1,,
leaf_yolo_n_external,1280,native10,medium,condition,S1T1,S1T1,0.3225491345271677,True,1,0.3225491345271677,0.0,0.0,0.0,1.0,1,,
leaf_yolo_n_external,1280,native10,medium,condition,S1T2,S1T1,0.3225491345271677,True,1,0.25786974703648374,0.06467938749068397,6.467938749068397,0.200525689165153,0.799474310834847,1,,
leaf_yolo_n_external,1280,native10,medium,condition,S1T3,S1T1,0.3225491345271677,True,1,0.046664797986616526,0.27588433654055117,27.588433654055116,0.8553249939578244,0.14467500604217567,1,,
leaf_yolo_n_external,1280,native10,medium,condition,S2T1,S1T1,0.3225491345271677,True,1,0.24581316398956055,0.07673597053760717,7.673597053760717,0.23790474790793104,0.762095252092069,1,,
leaf_yolo_n_external,1280,native10,medium,condition,S2T2,S1T1,0.3225491345271677,True,1,0.1746608015000447,0.147888333027123,14.788833302712302,0.45849861988907814,0.5415013801109219,1,,
leaf_yolo_n_external,1280,native10,medium,condition,S2T3,S1T1,0.3225491345271677,True,1,0.03286142999672876,0.28968770453043896,28.968770453043895,0.8981196150319823,0.10188038496801764,1,,
leaf_yolo_n_external,1280,native10,medium,condition,S3T1,S1T1,0.3225491345271677,True,1,0.2674882557890471,0.0550608787381206,5.50608787381206,0.17070539909783244,0.8292946009021676,1,,
leaf_yolo_n_external,1280,native10,medium,condition,S3T2,S1T1,0.3225491345271677,True,1,0.22392683975972558,0.09862229476744214,9.862229476744213,0.30575898122317036,0.6942410187768296,1,,
leaf_yolo_n_external,1280,native10,medium,condition,S3T3,S1T1,0.3225491345271677,True,1,0.03311269340950347,0.28943644111766426,28.943644111766424,0.897340622358066,0.10265937764193396,1,,
leaf_yolo_n_external,1280,native10,medium,matrix9_mean_including_S1T1,aggregate,S1T1,0.3225491345271677,True,9,0.17832742933276424,0.14422170519440347,14.422170519440346,0.44713096318122636,0.5528690368187736,9,,
leaf_yolo_n_external,1280,native10,medium,corrupted8_mean_excluding_S1T1,aggregate,S1T1,0.3225491345271677,True,8,0.1602997161834638,0.1622494183437039,16.22494183437039,0.5030223335788797,0.4969776664211203,8,,
leaf_yolo_n_external,1280,native10,medium,corrupted8_worst_excluding_S1T1,aggregate,S1T1,0.3225491345271677,True,8,0.03286142999672876,0.28968770453043896,28.968770453043895,0.8981196150319823,0.10188038496801764,8,,S2T3
leaf_yolo_n_external,1280,native10,small,condition,CLEAN,S1T1,0.25426542717213546,True,1,0.25467725233636396,-0.00041182516422849647,-0.04118251642284965,-0.0016196663809495693,1.0016196663809496,1,,
leaf_yolo_n_external,1280,native10,small,condition,S1T1,S1T1,0.25426542717213546,True,1,0.25426542717213546,0.0,0.0,0.0,1.0,1,,
leaf_yolo_n_external,1280,native10,small,condition,S1T2,S1T1,0.25426542717213546,True,1,0.1538423307909984,0.10042309638113706,10.042309638113705,0.39495379886291615,0.6050462011370838,1,,
leaf_yolo_n_external,1280,native10,small,condition,S1T3,S1T1,0.25426542717213546,True,1,0.00890656362459676,0.2453588635475387,24.53588635475387,0.9649713933834697,0.035028606616530275,1,,
leaf_yolo_n_external,1280,native10,small,condition,S2T1,S1T1,0.25426542717213546,True,1,0.17460907778409196,0.0796563493880435,7.96563493880435,0.31328030033008325,0.6867196996699167,1,,
leaf_yolo_n_external,1280,native10,small,condition,S2T2,S1T1,0.25426542717213546,True,1,0.09378676430622725,0.16047866286590823,16.04786628659082,0.6311462185429778,0.3688537814570222,1,,
leaf_yolo_n_external,1280,native10,small,condition,S2T3,S1T1,0.25426542717213546,True,1,0.006289591482672929,0.24797583568946252,24.79758356894625,0.9752636779894778,0.02473632201052222,1,,
leaf_yolo_n_external,1280,native10,small,condition,S3T1,S1T1,0.25426542717213546,True,1,0.21137059301294167,0.04289483415919379,4.289483415919379,0.16870100916297348,0.8312989908370265,1,,
leaf_yolo_n_external,1280,native10,small,condition,S3T2,S1T1,0.25426542717213546,True,1,0.14052886808842244,0.11373655908371302,11.373655908371303,0.44731429022284797,0.552685709777152,1,,
leaf_yolo_n_external,1280,native10,small,condition,S3T3,S1T1,0.25426542717213546,True,1,0.004788094806862786,0.24947733236527267,24.947733236527267,0.9811689113218633,0.018831088678136678,1,,
leaf_yolo_n_external,1280,native10,small,matrix9_mean_including_S1T1,aggregate,S1T1,0.25426542717213546,True,9,0.11648747900766107,0.1377779481644744,13.77779481644744,0.5418666222018456,0.4581333777981545,9,,
leaf_yolo_n_external,1280,native10,small,corrupted8_mean_excluding_S1T1,aggregate,S1T1,0.25426542717213546,True,8,0.09926523548710177,0.1550001916850337,15.500019168503371,0.6095999499770762,0.3904000500229238,8,,
leaf_yolo_n_external,1280,native10,small,corrupted8_worst_excluding_S1T1,aggregate,S1T1,0.25426542717213546,True,8,0.004788094806862786,0.24947733236527267,24.947733236527267,0.9811689113218633,0.018831088678136678,8,,S3T3
leaf_yolo_n_external,1280,native10,tiny,condition,CLEAN,S1T1,0.14813731361593738,True,1,0.14673418710891933,0.0014031265070180432,0.14031265070180432,0.009471796624149764,0.9905282033758502,1,,
leaf_yolo_n_external,1280,native10,tiny,condition,S1T1,S1T1,0.14813731361593738,True,1,0.14813731361593738,0.0,0.0,0.0,1.0,1,,
leaf_yolo_n_external,1280,native10,tiny,condition,S1T2,S1T1,0.14813731361593738,True,1,0.05775552815168528,0.0903817854642521,9.03817854642521,0.6101216719683268,0.3898783280316732,1,,
leaf_yolo_n_external,1280,native10,tiny,condition,S1T3,S1T1,0.14813731361593738,True,1,0.0011934927373745256,0.14694382087856286,14.694382087856287,0.9919433348138823,0.008056665186117723,1,,
leaf_yolo_n_external,1280,native10,tiny,condition,S2T1,S1T1,0.14813731361593738,True,1,0.09085233076300372,0.05728498285293365,5.728498285293365,0.38670191496418926,0.6132980850358107,1,,
leaf_yolo_n_external,1280,native10,tiny,condition,S2T2,S1T1,0.14813731361593738,True,1,0.025015128609404285,0.12312218500653309,12.312218500653309,0.8311355323057983,0.16886446769420171,1,,
leaf_yolo_n_external,1280,native10,tiny,condition,S2T3,S1T1,0.14813731361593738,True,1,0.0010312321555053414,0.14710608146043203,14.710608146043203,0.99303867384703,0.006961326152969984,1,,
leaf_yolo_n_external,1280,native10,tiny,condition,S3T1,S1T1,0.14813731361593738,True,1,0.13985996138295914,0.008277352232978236,0.8277352232978236,0.05587621397292375,0.9441237860270763,1,,
leaf_yolo_n_external,1280,native10,tiny,condition,S3T2,S1T1,0.14813731361593738,True,1,0.05159392488642857,0.09654338872950881,9.65433887295088,0.6517155358967045,0.3482844641032955,1,,
leaf_yolo_n_external,1280,native10,tiny,condition,S3T3,S1T1,0.14813731361593738,True,1,0.00032517746186962204,0.14781213615406774,14.781213615406774,0.9978048915973143,0.0021951084026856403,1,,
leaf_yolo_n_external,1280,native10,tiny,matrix9_mean_including_S1T1,aggregate,S1T1,0.14813731361593738,True,9,0.05730712108490754,0.09083019253102984,9.083019253102984,0.6131486410406854,0.38685135895931455,9,,
leaf_yolo_n_external,1280,native10,tiny,corrupted8_mean_excluding_S1T1,aggregate,S1T1,0.14813731361593738,True,8,0.04595334701852881,0.10218396659740857,10.218396659740856,0.6897922211707712,0.31020777882922884,8,,
leaf_yolo_n_external,1280,native10,tiny,corrupted8_worst_excluding_S1T1,aggregate,S1T1,0.14813731361593738,True,8,0.00032517746186962204,0.14781213615406774,14.781213615406774,0.9978048915973143,0.0021951084026856403,8,,S3T3
yolo11n_ft,640,common6,all,condition,CLEAN,S1T1,0.21939118303946403,True,1,0.2195189356445258,-0.00012775260506175945,-0.012775260506175945,-0.0005823051012892044,1.0005823051012892,1,,
yolo11n_ft,640,common6,all,condition,S1T1,S1T1,0.21939118303946403,True,1,0.21939118303946403,0.0,0.0,0.0,1.0,1,,
yolo11n_ft,640,common6,all,condition,S1T2,S1T1,0.21939118303946403,True,1,0.19504893791329148,0.024342245126172557,2.4342245126172557,0.11095361622528777,0.8890463837747122,1,,
yolo11n_ft,640,common6,all,condition,S1T3,S1T1,0.21939118303946403,True,1,0.07456640816620595,0.14482477487325807,14.482477487325806,0.6601212175751249,0.3398787824248751,1,,
yolo11n_ft,640,common6,all,condition,S2T1,S1T1,0.21939118303946403,True,1,0.1723644991636492,0.04702668387581482,4.7026683875814825,0.21435083773332708,0.7856491622666729,1,,
yolo11n_ft,640,common6,all,condition,S2T2,S1T1,0.21939118303946403,True,1,0.15354391268954717,0.06584727034991686,6.584727034991686,0.3001363566104307,0.6998636433895693,1,,
yolo11n_ft,640,common6,all,condition,S2T3,S1T1,0.21939118303946403,True,1,0.051749657247269765,0.16764152579219427,16.764152579219427,0.7641215269897101,0.2358784730102898,1,,
yolo11n_ft,640,common6,all,condition,S3T1,S1T1,0.21939118303946403,True,1,0.18546840730100914,0.0339227757384549,3.39227757384549,0.15462232924990826,0.8453776707500917,1,,
yolo11n_ft,640,common6,all,condition,S3T2,S1T1,0.21939118303946403,True,1,0.16480304154505684,0.05458814149440719,5.458814149440719,0.2488164781197606,0.7511835218802394,1,,
yolo11n_ft,640,common6,all,condition,S3T3,S1T1,0.21939118303946403,True,1,0.053004463556623096,0.16638671948284095,16.638671948284095,0.7584020341095993,0.24159796589040075,1,,
yolo11n_ft,640,common6,all,matrix9_mean_including_S1T1,aggregate,S1T1,0.21939118303946403,True,9,0.14110450118023518,0.07828668185922885,7.8286681859228855,0.35683604406812763,0.6431639559318724,9,,
yolo11n_ft,640,common6,all,corrupted8_mean_excluding_S1T1,aggregate,S1T1,0.21939118303946403,True,8,0.1313186659478316,0.08807251709163244,8.807251709163245,0.40144054957664355,0.5985594504233565,8,,
yolo11n_ft,640,common6,all,corrupted8_worst_excluding_S1T1,aggregate,S1T1,0.21939118303946403,True,8,0.051749657247269765,0.16764152579219427,16.764152579219427,0.7641215269897101,0.2358784730102898,8,,S2T3
yolo11n_ft,640,common6,coco_small,condition,CLEAN,S1T1,0.1091779000829963,True,1,0.10953334002199194,-0.0003554399389956442,-0.03554399389956442,-0.003255603365932558,1.0032556033659326,1,,
yolo11n_ft,640,common6,coco_small,condition,S1T1,S1T1,0.1091779000829963,True,1,0.1091779000829963,0.0,0.0,0.0,1.0,1,,
yolo11n_ft,640,common6,coco_small,condition,S1T2,S1T1,0.1091779000829963,True,1,0.08939511146425391,0.019782788618742386,1.9782788618742386,0.18119773877042555,0.8188022612295744,1,,
yolo11n_ft,640,common6,coco_small,condition,S1T3,S1T1,0.1091779000829963,True,1,0.014166716393182562,0.09501118368981373,9.501118368981373,0.8702419044292561,0.12975809557074391,1,,
yolo11n_ft,640,common6,coco_small,condition,S2T1,S1T1,0.1091779000829963,True,1,0.07905572017388647,0.030122179909109828,3.0122179909109827,0.2758999750518296,0.7241000249481704,1,,
yolo11n_ft,640,common6,coco_small,condition,S2T2,S1T1,0.1091779000829963,True,1,0.06459232856816374,0.044585571514832556,4.458557151483255,0.4083754265372288,0.5916245734627712,1,,
yolo11n_ft,640,common6,coco_small,condition,S2T3,S1T1,0.1091779000829963,True,1,0.007875727095175986,0.10130217298782031,10.13021729878203,0.9278633579763953,0.0721366420236047,1,,
yolo11n_ft,640,common6,coco_small,condition,S3T1,S1T1,0.1091779000829963,True,1,0.09360592828099364,0.015571971802002663,1.5571971802002662,0.14262933973052194,0.8573706602694781,1,,
yolo11n_ft,640,common6,coco_small,condition,S3T2,S1T1,0.1091779000829963,True,1,0.07283605288457869,0.03634184719841761,3.634184719841761,0.33286816444345224,0.6671318355565478,1,,
yolo11n_ft,640,common6,coco_small,condition,S3T3,S1T1,0.1091779000829963,True,1,0.008797065957940385,0.10038083412505591,10.03808341250559,0.9194244810419241,0.0805755189580759,1,,
yolo11n_ft,640,common6,coco_small,matrix9_mean_including_S1T1,aggregate,S1T1,0.1091779000829963,True,9,0.05994472787790797,0.04923317220508833,4.9233172205088325,0.45094448755344807,0.5490555124465519,9,,
yolo11n_ft,640,common6,coco_small,corrupted8_mean_excluding_S1T1,aggregate,S1T1,0.1091779000829963,True,8,0.053790581352271924,0.055387318730724375,5.538731873072438,0.5073125484976292,0.4926874515023708,8,,
yolo11n_ft,640,common6,coco_small,corrupted8_worst_excluding_S1T1,aggregate,S1T1,0.1091779000829963,True,8,0.007875727095175986,0.10130217298782031,10.13021729878203,0.9278633579763953,0.0721366420236047,8,,S2T3
yolo11n_ft,640,common6,large,condition,CLEAN,S1T1,0.4876100618709548,True,1,0.48743121940705875,0.00017884246389604508,0.017884246389604508,0.0003667735304924147,0.9996332264695076,1,,
yolo11n_ft,640,common6,large,condition,S1T1,S1T1,0.4876100618709548,True,1,0.4876100618709548,0.0,0.0,0.0,1.0,1,,
yolo11n_ft,640,common6,large,condition,S1T2,S1T1,0.4876100618709548,True,1,0.48162527287011864,0.005984789000836155,0.5984789000836155,0.01227371924581,0.98772628075419,1,,
yolo11n_ft,640,common6,large,condition,S1T3,S1T1,0.4876100618709548,True,1,0.30815076182030626,0.17945930005064853,17.945930005064852,0.3680385498241464,0.6319614501758536,1,,
yolo11n_ft,640,common6,large,condition,S2T1,S1T1,0.4876100618709548,True,1,0.41483425308061,0.07277580879034479,7.2775808790344785,0.149250014470794,0.850749985529206,1,,
yolo11n_ft,640,common6,large,condition,S2T2,S1T1,0.4876100618709548,True,1,0.39262673151780836,0.09498333035314643,9.498333035314644,0.19479362256942845,0.8052063774305716,1,,
yolo11n_ft,640,common6,large,condition,S2T3,S1T1,0.4876100618709548,True,1,0.22705553161903236,0.26055453025192243,26.055453025192243,0.5343501921436513,0.46564980785634863,1,,
yolo11n_ft,640,common6,large,condition,S3T1,S1T1,0.4876100618709548,True,1,0.42500610495823865,0.06260395691271614,6.260395691271614,0.12838938694682678,0.8716106130531732,1,,
yolo11n_ft,640,common6,large,condition,S3T2,S1T1,0.4876100618709548,True,1,0.4012173879780093,0.08639267389294547,8.639267389294547,0.17717574071678843,0.8228242592832116,1,,
yolo11n_ft,640,common6,large,condition,S3T3,S1T1,0.4876100618709548,True,1,0.2625318942970427,0.22507816757391208,22.507816757391208,0.4615945920194704,0.5384054079805296,1,,
yolo11n_ft,640,common6,large,matrix9_mean_including_S1T1,aggregate,S1T1,0.4876100618709548,True,9,0.37785088889023566,0.10975917298071913,10.975917298071913,0.22509620199299074,0.7749037980070093,9,,
yolo11n_ft,640,common6,large,corrupted8_mean_excluding_S1T1,aggregate,S1T1,0.4876100618709548,True,8,0.3641309922676458,0.12347906960330901,12.347906960330901,0.2532332272421145,0.7467667727578855,8,,
yolo11n_ft,640,common6,large,corrupted8_worst_excluding_S1T1,aggregate,S1T1,0.4876100618709548,True,8,0.22705553161903236,0.26055453025192243,26.055453025192243,0.5343501921436513,0.46564980785634863,8,,S2T3
yolo11n_ft,640,common6,medium,condition,CLEAN,S1T1,0.33416887000927287,True,1,0.3343962878905007,-0.00022741788122782047,-0.022741788122782047,-0.0006805477758042855,1.0006805477758043,1,,
yolo11n_ft,640,common6,medium,condition,S1T1,S1T1,0.33416887000927287,True,1,0.33416887000927287,0.0,0.0,0.0,1.0,1,,
yolo11n_ft,640,common6,medium,condition,S1T2,S1T1,0.33416887000927287,True,1,0.3032369868978445,0.03093188311142836,3.093188311142836,0.09256362841508858,0.9074363715849114,1,,
yolo11n_ft,640,common6,medium,condition,S1T3,S1T1,0.33416887000927287,True,1,0.12233715316507542,0.21183171684419744,21.183171684419744,0.6339061949077403,0.3660938050922597,1,,
yolo11n_ft,640,common6,medium,condition,S2T1,S1T1,0.33416887000927287,True,1,0.2649472598527416,0.06922161015653128,6.922161015653128,0.2071455972383377,0.7928544027616623,1,,
yolo11n_ft,640,common6,medium,condition,S2T2,S1T1,0.33416887000927287,True,1,0.24381451886916145,0.09035435114011142,9.035435114011142,0.27038530290868856,0.7296146970913114,1,,
yolo11n_ft,640,common6,medium,condition,S2T3,S1T1,0.33416887000927287,True,1,0.08264092426170881,0.25152794574756404,25.152794574756403,0.7526971190960559,0.24730288090394417,1,,
yolo11n_ft,640,common6,medium,condition,S3T1,S1T1,0.33416887000927287,True,1,0.27540673408177346,0.058762135927499404,5.876213592749941,0.1758456313595842,0.8241543686404158,1,,
yolo11n_ft,640,common6,medium,condition,S3T2,S1T1,0.33416887000927287,True,1,0.2576738090225459,0.07649506098672698,7.649506098672698,0.2289113913710883,0.7710886086289117,1,,
yolo11n_ft,640,common6,medium,condition,S3T3,S1T1,0.33416887000927287,True,1,0.08707017636550372,0.24709869364376913,24.709869364376914,0.7394425867284178,0.26055741327158216,1,,
yolo11n_ft,640,common6,medium,matrix9_mean_including_S1T1,aggregate,S1T1,0.33416887000927287,True,9,0.21903293694729198,0.11513593306198089,11.51359330619809,0.3445441613361112,0.6554558386638888,9,,
yolo11n_ft,640,common6,medium,corrupted8_mean_excluding_S1T1,aggregate,S1T1,0.33416887000927287,True,8,0.20464094531454435,0.1295279246947285,12.95279246947285,0.38761218150312515,0.6123878184968748,8,,
yolo11n_ft,640,common6,medium,corrupted8_worst_excluding_S1T1,aggregate,S1T1,0.33416887000927287,True,8,0.08264092426170881,0.25152794574756404,25.152794574756403,0.7526971190960559,0.24730288090394417,8,,S2T3
yolo11n_ft,640,common6,small,condition,CLEAN,S1T1,0.15234014393342127,True,1,0.152839477437384,-0.0004993335039627234,-0.049933350396272336,-0.0032777539200761208,1.0032777539200761,1,,
yolo11n_ft,640,common6,small,condition,S1T1,S1T1,0.15234014393342127,True,1,0.15234014393342127,0.0,0.0,0.0,1.0,1,,
yolo11n_ft,640,common6,small,condition,S1T2,S1T1,0.15234014393342127,True,1,0.12804515407433817,0.0242949898590831,2.42949898590831,0.15947858018107808,0.8405214198189219,1,,
yolo11n_ft,640,common6,small,condition,S1T3,S1T1,0.15234014393342127,True,1,0.021291341207776933,0.13104880272564434,13.104880272564435,0.8602381443391435,0.13976185566085653,1,,
yolo11n_ft,640,common6,small,condition,S2T1,S1T1,0.15234014393342127,True,1,0.11016504957716476,0.04217509435625651,4.217509435625651,0.27684819816560435,0.7231518018343956,1,,
yolo11n_ft,640,common6,small,condition,S2T2,S1T1,0.15234014393342127,True,1,0.09326185232833989,0.05907829160508138,5.907829160508138,0.38780514498464014,0.6121948550153599,1,,
yolo11n_ft,640,common6,small,condition,S2T3,S1T1,0.15234014393342127,True,1,0.011718959822252389,0.1406211841111689,14.06211841111689,0.9230737248917524,0.07692627510824752,1,,
yolo11n_ft,640,common6,small,condition,S3T1,S1T1,0.15234014393342127,True,1,0.12982255808112544,0.022517585852295824,2.2517585852295823,0.14781124180988636,0.8521887581901136,1,,
yolo11n_ft,640,common6,small,condition,S3T2,S1T1,0.15234014393342127,True,1,0.10464735525839164,0.04769278867502963,4.769278867502963,0.31306776692999116,0.6869322330700088,1,,
yolo11n_ft,640,common6,small,condition,S3T3,S1T1,0.15234014393342127,True,1,0.01323828049379789,0.13910186343962339,13.910186343962339,0.913100512104127,0.08689948789587298,1,,
yolo11n_ft,640,common6,small,matrix9_mean_including_S1T1,aggregate,S1T1,0.15234014393342127,True,9,0.0849478549751787,0.06739228895824256,6.739228895824256,0.44238036815624704,0.557619631843753,9,,
yolo11n_ft,640,common6,small,corrupted8_mean_excluding_S1T1,aggregate,S1T1,0.15234014393342127,True,8,0.07652381885539838,0.07581632507802288,7.581632507802288,0.4976779141757779,0.5023220858242221,8,,
yolo11n_ft,640,common6,small,corrupted8_worst_excluding_S1T1,aggregate,S1T1,0.15234014393342127,True,8,0.011718959822252389,0.1406211841111689,14.06211841111689,0.9230737248917524,0.07692627510824752,8,,S2T3
yolo11n_ft,640,common6,tiny,condition,CLEAN,S1T1,0.04718461213158906,True,1,0.04691457975689215,0.00027003237469690883,0.027003237469690883,0.005722890631035371,0.9942771093689646,1,,
yolo11n_ft,640,common6,tiny,condition,S1T1,S1T1,0.04718461213158906,True,1,0.04718461213158906,0.0,0.0,0.0,1.0,1,,
yolo11n_ft,640,common6,tiny,condition,S1T2,S1T1,0.04718461213158906,True,1,0.033268999599861716,0.013915612531727344,1.3915612531727344,0.2949184469911357,0.7050815530088643,1,,
yolo11n_ft,640,common6,tiny,condition,S1T3,S1T1,0.04718461213158906,True,1,0.001997679667182205,0.04518693246440685,4.5186932464406855,0.9576624756051603,0.04233752439483978,1,,
yolo11n_ft,640,common6,tiny,condition,S2T1,S1T1,0.04718461213158906,True,1,0.03213568141866882,0.015048930712920239,1.5048930712920239,0.31893725587807287,0.6810627441219271,1,,
yolo11n_ft,640,common6,tiny,condition,S2T2,S1T1,0.04718461213158906,True,1,0.021546069911599207,0.025638542219989853,2.5638542219989855,0.5433665990193742,0.45663340098062577,1,,
yolo11n_ft,640,common6,tiny,condition,S2T3,S1T1,0.04718461213158906,True,1,0.0013975792567865125,0.04578703287480255,4.578703287480255,0.970380613643937,0.029619386356062975,1,,
yolo11n_ft,640,common6,tiny,condition,S3T1,S1T1,0.04718461213158906,True,1,0.04322772135759892,0.0039568907739901404,0.39568907739901404,0.08385977112527943,0.9161402288747206,1,,
yolo11n_ft,640,common6,tiny,condition,S3T2,S1T1,0.04718461213158906,True,1,0.026716821867896926,0.020467790263692134,2.0467790263692134,0.4337810429936627,0.5662189570063373,1,,
yolo11n_ft,640,common6,tiny,condition,S3T3,S1T1,0.04718461213158906,True,1,0.0017343000847372583,0.0454503120468518,4.54503120468518,0.9632443712814547,0.036755628718545354,1,,
yolo11n_ft,640,common6,tiny,matrix9_mean_including_S1T1,aggregate,S1T1,0.04718461213158906,True,9,0.02324549614399118,0.02393911598759788,2.393911598759788,0.5073500640597863,0.4926499359402137,9,,
yolo11n_ft,640,common6,tiny,corrupted8_mean_excluding_S1T1,aggregate,S1T1,0.04718461213158906,True,8,0.020253106645541447,0.026931505486047613,2.6931505486047613,0.5707688220672595,0.42923117793274046,8,,
yolo11n_ft,640,common6,tiny,corrupted8_worst_excluding_S1T1,aggregate,S1T1,0.04718461213158906,True,8,0.0013975792567865125,0.04578703287480255,4.578703287480255,0.970380613643937,0.029619386356062975,8,,S2T3
yolo11n_ft,640,native10,all,condition,CLEAN,S1T1,0.18318957420301027,True,1,0.18282597324124286,0.0003636009617674074,0.03636009617674074,0.0019848343627049125,0.9980151656372951,1,,
yolo11n_ft,640,native10,all,condition,S1T1,S1T1,0.18318957420301027,True,1,0.18318957420301027,0.0,0.0,0.0,1.0,1,,
yolo11n_ft,640,native10,all,condition,S1T2,S1T1,0.18318957420301027,True,1,0.16033776567790106,0.022851808525109207,2.285180852510921,0.12474404520305771,0.8752559547969423,1,,
yolo11n_ft,640,native10,all,condition,S1T3,S1T1,0.18318957420301027,True,1,0.05591639968574979,0.12727317451726047,12.727317451726048,0.6947621068009943,0.30523789319900574,1,,
yolo11n_ft,640,native10,all,condition,S2T1,S1T1,0.18318957420301027,True,1,0.13988288867406654,0.043306685528943734,4.330668552894373,0.23640365843610378,0.7635963415638962,1,,
yolo11n_ft,640,native10,all,condition,S2T2,S1T1,0.18318957420301027,True,1,0.1204579987475922,0.06273157545541808,6.273157545541808,0.3424407514911252,0.6575592485088748,1,,
yolo11n_ft,640,native10,all,condition,S2T3,S1T1,0.18318957420301027,True,1,0.03631711102566356,0.1468724631773467,14.68724631773467,0.801751212187343,0.19824878781265695,1,,
yolo11n_ft,640,native10,all,condition,S3T1,S1T1,0.18318957420301027,True,1,0.15349949046330266,0.029690083739707607,2.9690083739707607,0.1620729993444121,0.8379270006555879,1,,
yolo11n_ft,640,native10,all,condition,S3T2,S1T1,0.18318957420301027,True,1,0.13463051384785843,0.04855906035515184,4.855906035515184,0.2650754583955679,0.7349245416044321,1,,
yolo11n_ft,640,native10,all,condition,S3T3,S1T1,0.18318957420301027,True,1,0.04065664298179353,0.14253293122121674,14.253293122121674,0.778062462568214,0.221937537431786,1,,
yolo11n_ft,640,native10,all,matrix9_mean_including_S1T1,aggregate,S1T1,0.18318957420301027,True,9,0.11387648725632643,0.06931308694668384,6.931308694668384,0.3783680771585354,0.6216319228414646,9,,
yolo11n_ft,640,native10,all,corrupted8_mean_excluding_S1T1,aggregate,S1T1,0.18318957420301027,True,8,0.10521235138799097,0.0779772228150193,7.7977222815019305,0.4256640868033522,0.5743359131966478,8,,
yolo11n_ft,640,native10,all,corrupted8_worst_excluding_S1T1,aggregate,S1T1,0.18318957420301027,True,8,0.03631711102566356,0.1468724631773467,14.68724631773467,0.801751212187343,0.19824878781265695,8,,S2T3
yolo11n_ft,640,native10,coco_small,condition,CLEAN,S1T1,0.097060966071024,True,1,0.09710691377720367,-4.594770617966093e-05,-0.004594770617966093,-0.00047339015919178884,1.0004733901591918,1,,
yolo11n_ft,640,native10,coco_small,condition,S1T1,S1T1,0.097060966071024,True,1,0.097060966071024,0.0,0.0,0.0,1.0,1,,
yolo11n_ft,640,native10,coco_small,condition,S1T2,S1T1,0.097060966071024,True,1,0.07603483815285676,0.021026127918167242,2.1026127918167243,0.2166280511032772,0.7833719488967228,1,,
yolo11n_ft,640,native10,coco_small,condition,S1T3,S1T1,0.097060966071024,True,1,0.01196958723438368,0.08509137883664032,8.509137883664032,0.8766797022643997,0.1233202977356003,1,,
yolo11n_ft,640,native10,coco_small,condition,S2T1,S1T1,0.097060966071024,True,1,0.06976683548275704,0.027294130588266963,2.7294130588266965,0.2812060470147658,0.7187939529852342,1,,
yolo11n_ft,640,native10,coco_small,condition,S2T2,S1T1,0.097060966071024,True,1,0.053321404995281124,0.04373956107574288,4.373956107574288,0.45064007547314766,0.5493599245268523,1,,
yolo11n_ft,640,native10,coco_small,condition,S2T3,S1T1,0.097060966071024,True,1,0.005984510582188831,0.09107645548883517,9.107645548883516,0.9383427671860417,0.06165723281395827,1,,
yolo11n_ft,640,native10,coco_small,condition,S3T1,S1T1,0.097060966071024,True,1,0.08152478951138738,0.015536176559636627,1.5536176559636627,0.16006616447922106,0.8399338355207789,1,,
yolo11n_ft,640,native10,coco_small,condition,S3T2,S1T1,0.097060966071024,True,1,0.06324753463561347,0.03381343143541053,3.381343143541053,0.34837311850644137,0.6516268814935586,1,,
yolo11n_ft,640,native10,coco_small,condition,S3T3,S1T1,0.097060966071024,True,1,0.007240981415081415,0.08981998465594258,8.981998465594259,0.9253975958802754,0.07460240411972464,1,,
yolo11n_ft,640,native10,coco_small,matrix9_mean_including_S1T1,aggregate,S1T1,0.097060966071024,True,9,0.051794605342285964,0.04526636072873804,4.526636072873804,0.46637039132306335,0.5336296086769367,9,,
yolo11n_ft,640,native10,coco_small,corrupted8_mean_excluding_S1T1,aggregate,S1T1,0.097060966071024,True,8,0.04613631025119371,0.05092465581983029,5.09246558198303,0.5246666902384463,0.47533330976155375,8,,
yolo11n_ft,640,native10,coco_small,corrupted8_worst_excluding_S1T1,aggregate,S1T1,0.097060966071024,True,8,0.005984510582188831,0.09107645548883517,9.107645548883516,0.9383427671860417,0.06165723281395827,8,,S2T3
yolo11n_ft,640,native10,large,condition,CLEAN,S1T1,0.40705031842261247,True,1,0.4066067850333391,0.00044353338927338726,0.044353338927338726,0.0010896279137974085,0.9989103720862026,1,,
yolo11n_ft,640,native10,large,condition,S1T1,S1T1,0.40705031842261247,True,1,0.40705031842261247,0.0,0.0,0.0,1.0,1,,
yolo11n_ft,640,native10,large,condition,S1T2,S1T1,0.40705031842261247,True,1,0.3919016851525481,0.015148633270064382,1.5148633270064382,0.03721562810408263,0.9627843718959174,1,,
yolo11n_ft,640,native10,large,condition,S1T3,S1T1,0.40705031842261247,True,1,0.2455656571339187,0.16148466128869376,16.148466128869376,0.39671916217747627,0.6032808378225237,1,,
yolo11n_ft,640,native10,large,condition,S2T1,S1T1,0.40705031842261247,True,1,0.31651410773794114,0.09053621068467133,9.053621068467132,0.22242019373799826,0.7775798062620017,1,,
yolo11n_ft,640,native10,large,condition,S2T2,S1T1,0.40705031842261247,True,1,0.28907905628290265,0.11797126213970982,11.797126213970982,0.2898198497838499,0.7101801502161501,1,,
yolo11n_ft,640,native10,large,condition,S2T3,S1T1,0.40705031842261247,True,1,0.16298474197789004,0.24406557644472243,24.406557644472244,0.5995955914996383,0.40040440850036174,1,,
yolo11n_ft,640,native10,large,condition,S3T1,S1T1,0.40705031842261247,True,1,0.35544937764411777,0.0516009407784947,5.16009407784947,0.12676796563741044,0.8732320343625896,1,,
yolo11n_ft,640,native10,large,condition,S3T2,S1T1,0.40705031842261247,True,1,0.32805811799300755,0.07899220042960492,7.899220042960492,0.19406003841420094,0.8059399615857991,1,,
yolo11n_ft,640,native10,large,condition,S3T3,S1T1,0.40705031842261247,True,1,0.19361805993609418,0.21343225848651828,21.34322584865183,0.5243387581997324,0.4756612418002676,1,,
yolo11n_ft,640,native10,large,matrix9_mean_including_S1T1,aggregate,S1T1,0.40705031842261247,True,9,0.2989134580312258,0.10813686039138665,10.813686039138664,0.2656596875060433,0.7343403124939567,9,,
yolo11n_ft,640,native10,large,corrupted8_mean_excluding_S1T1,aggregate,S1T1,0.40705031842261247,True,8,0.2853963504823025,0.12165396794030997,12.165396794030997,0.29886714844429874,0.7011328515557013,8,,
yolo11n_ft,640,native10,large,corrupted8_worst_excluding_S1T1,aggregate,S1T1,0.40705031842261247,True,8,0.16298474197789004,0.24406557644472243,24.406557644472244,0.5995955914996383,0.40040440850036174,8,,S2T3
yolo11n_ft,640,native10,medium,condition,CLEAN,S1T1,0.2756350659488669,True,1,0.27552475614037364,0.00011030980849324745,0.011030980849324745,0.0004002023766951357,0.9995997976233049,1,,
yolo11n_ft,640,native10,medium,condition,S1T1,S1T1,0.2756350659488669,True,1,0.2756350659488669,0.0,0.0,0.0,1.0,1,,
yolo11n_ft,640,native10,medium,condition,S1T2,S1T1,0.2756350659488669,True,1,0.25302116693287985,0.022613899015987038,2.2613899015987036,0.08204289587806712,0.9179571041219329,1,,
yolo11n_ft,640,native10,medium,condition,S1T3,S1T1,0.2756350659488669,True,1,0.09249917326940094,0.18313589267946595,18.313589267946597,0.6644143481854357,0.3355856518145644,1,,
yolo11n_ft,640,native10,medium,condition,S2T1,S1T1,0.2756350659488669,True,1,0.2112584684832827,0.06437659746558419,6.437659746558419,0.2335573568768159,0.7664426431231841,1,,
yolo11n_ft,640,native10,medium,condition,S2T2,S1T1,0.2756350659488669,True,1,0.19239656850109005,0.08323849744777684,8.323849744777684,0.3019880549712729,0.6980119450287271,1,,
yolo11n_ft,640,native10,medium,condition,S2T3,S1T1,0.2756350659488669,True,1,0.05951768864998411,0.21611737729888278,21.61173772988828,0.7840706934544197,0.21592930654558026,1,,
yolo11n_ft,640,native10,medium,condition,S3T1,S1T1,0.2756350659488669,True,1,0.22671551647617183,0.048919549472695056,4.891954947269506,0.17747941215059382,0.8225205878494062,1,,
yolo11n_ft,640,native10,medium,condition,S3T2,S1T1,0.2756350659488669,True,1,0.2103040059212275,0.06533106002763939,6.5331060027639385,0.23702013313414538,0.7629798668658546,1,,
yolo11n_ft,640,native10,medium,condition,S3T3,S1T1,0.2756350659488669,True,1,0.06840464276817375,0.20723042318069312,20.72304231806931,0.7518289535016437,0.2481710464983563,1,,
yolo11n_ft,640,native10,medium,matrix9_mean_including_S1T1,aggregate,S1T1,0.2756350659488669,True,9,0.17663914410567527,0.09899592184319161,9.899592184319161,0.3591557609058217,0.6408442390941783,9,,
yolo11n_ft,640,native10,medium,corrupted8_mean_excluding_S1T1,aggregate,S1T1,0.2756350659488669,True,8,0.16426465387527633,0.11137041207359055,11.137041207359054,0.40405023101904924,0.5959497689809508,8,,
yolo11n_ft,640,native10,medium,corrupted8_worst_excluding_S1T1,aggregate,S1T1,0.2756350659488669,True,8,0.05951768864998411,0.21611737729888278,21.61173772988828,0.7840706934544197,0.21592930654558026,8,,S2T3
yolo11n_ft,640,native10,small,condition,CLEAN,S1T1,0.132094314882655,True,1,0.13256923700189086,-0.0004749221192358599,-0.04749221192358599,-0.0035953259582575114,1.0035953259582575,1,,
yolo11n_ft,640,native10,small,condition,S1T1,S1T1,0.132094314882655,True,1,0.132094314882655,0.0,0.0,0.0,1.0,1,,
yolo11n_ft,640,native10,small,condition,S1T2,S1T1,0.132094314882655,True,1,0.10722129977575486,0.02487301510690014,2.487301510690014,0.1882973928817141,0.8117026071182859,1,,
yolo11n_ft,640,native10,small,condition,S1T3,S1T1,0.132094314882655,True,1,0.018008275371680576,0.11408603951097442,11.408603951097442,0.8636710793520668,0.1363289206479332,1,,
yolo11n_ft,640,native10,small,condition,S2T1,S1T1,0.132094314882655,True,1,0.09514515391338763,0.03694916096926737,3.694916096926737,0.2797180257310157,0.7202819742689843,1,,
yolo11n_ft,640,native10,small,condition,S2T2,S1T1,0.132094314882655,True,1,0.07623855660274503,0.05585575827990996,5.585575827990996,0.42284755653208095,0.577152443467919,1,,
yolo11n_ft,640,native10,small,condition,S2T3,S1T1,0.132094314882655,True,1,0.008837871283627263,0.12325644359902774,12.325644359902773,0.9330942342864769,0.06690576571352311,1,,
yolo11n_ft,640,native10,small,condition,S3T1,S1T1,0.132094314882655,True,1,0.10975426118331272,0.022340053699342277,2.234005369934228,0.169121992261271,0.830878007738729,1,,
yolo11n_ft,640,native10,small,condition,S3T2,S1T1,0.132094314882655,True,1,0.08896412803810337,0.043130186844551624,4.313018684455162,0.3265105457631996,0.6734894542368004,1,,
yolo11n_ft,640,native10,small,condition,S3T3,S1T1,0.132094314882655,True,1,0.010774627028585004,0.12131968785406999,12.131968785406999,0.9184323183162231,0.08156768168377695,1,,
yolo11n_ft,640,native10,small,matrix9_mean_including_S1T1,aggregate,S1T1,0.132094314882655,True,9,0.07189316534220572,0.06020114954044928,6.020114954044928,0.45574368279156086,0.5442563172084391,9,,
yolo11n_ft,640,native10,small,corrupted8_mean_excluding_S1T1,aggregate,S1T1,0.132094314882655,True,8,0.06436802164964955,0.06772629323300544,6.772629323300544,0.5127116431405061,0.48728835685949395,8,,
yolo11n_ft,640,native10,small,corrupted8_worst_excluding_S1T1,aggregate,S1T1,0.132094314882655,True,8,0.008837871283627263,0.12325644359902774,12.325644359902773,0.9330942342864769,0.06690576571352311,8,,S2T3
yolo11n_ft,640,native10,tiny,condition,CLEAN,S1T1,0.046357859311970784,True,1,0.04477510993128693,0.0015827493806838538,0.15827493806838538,0.03414198593667905,0.965858014063321,1,,
yolo11n_ft,640,native10,tiny,condition,S1T1,S1T1,0.046357859311970784,True,1,0.046357859311970784,0.0,0.0,0.0,1.0,1,,
yolo11n_ft,640,native10,tiny,condition,S1T2,S1T1,0.046357859311970784,True,1,0.03113540684884286,0.015222452463127922,1.5222452463127922,0.3283683217701361,0.6716316782298639,1,,
yolo11n_ft,640,native10,tiny,condition,S1T3,S1T1,0.046357859311970784,True,1,0.0014966626810585736,0.04486119663091221,4.4861196630912215,0.9677150174043498,0.03228498259565012,1,,
yolo11n_ft,640,native10,tiny,condition,S2T1,S1T1,0.046357859311970784,True,1,0.03216875662696919,0.014189102685001592,1.4189102685001593,0.30607760788767924,0.6939223921123208,1,,
yolo11n_ft,640,native10,tiny,condition,S2T2,S1T1,0.046357859311970784,True,1,0.01917754623220302,0.027180313079767763,2.7180313079767764,0.5863151034834154,0.4136848965165846,1,,
yolo11n_ft,640,native10,tiny,condition,S2T3,S1T1,0.046357859311970784,True,1,0.0011497850967761164,0.04520807421519467,4.520807421519467,0.9751976231465198,0.024802376853480215,1,,
yolo11n_ft,640,native10,tiny,condition,S3T1,S1T1,0.046357859311970784,True,1,0.04277216240322748,0.003585696908743302,0.3585696908743302,0.07734819860021847,0.9226518013997815,1,,
yolo11n_ft,640,native10,tiny,condition,S3T2,S1T1,0.046357859311970784,True,1,0.025165379720924093,0.02119247959104669,2.119247959104669,0.4571496593151412,0.5428503406848588,1,,
yolo11n_ft,640,native10,tiny,condition,S3T3,S1T1,0.046357859311970784,True,1,0.00211717223895396,0.04424068707301682,4.424068707301682,0.9543298100823381,0.04567018991766197,1,,
yolo11n_ft,640,native10,tiny,matrix9_mean_including_S1T1,aggregate,S1T1,0.046357859311970784,True,9,0.02239341457343623,0.023964444738534554,2.3964444738534554,0.5169445935210888,0.48305540647891126,9,,
yolo11n_ft,640,native10,tiny,corrupted8_mean_excluding_S1T1,aggregate,S1T1,0.046357859311970784,True,8,0.019397858981119412,0.026960000330851372,2.696000033085137,0.5815626677112248,0.4184373322887752,8,,
yolo11n_ft,640,native10,tiny,corrupted8_worst_excluding_S1T1,aggregate,S1T1,0.046357859311970784,True,8,0.0011497850967761164,0.04520807421519467,4.520807421519467,0.9751976231465198,0.024802376853480215,8,,S2T3
yolo11n_zero_shot,640,common6,all,condition,CLEAN,S1T1,0.08966253822271354,True,1,0.08972990894414593,-6.737072143238321e-05,-0.006737072143238321,-0.0007513809308525854,1.0007513809308526,1,,
yolo11n_zero_shot,640,common6,all,condition,S1T1,S1T1,0.08966253822271354,True,1,0.08966253822271354,0.0,0.0,0.0,1.0,1,,
yolo11n_zero_shot,640,common6,all,condition,S1T2,S1T1,0.08966253822271354,True,1,0.08026569483501927,0.009396843387694268,0.9396843387694267,0.10480233522224602,0.895197664777754,1,,
yolo11n_zero_shot,640,common6,all,condition,S1T3,S1T1,0.08966253822271354,True,1,0.03496680806898203,0.05469573015373151,5.469573015373151,0.6100176421268861,0.3899823578731139,1,,
yolo11n_zero_shot,640,common6,all,condition,S2T1,S1T1,0.08966253822271354,True,1,0.07074430409052611,0.018918234132187434,1.8918234132187433,0.21099373837930258,0.7890062616206974,1,,
yolo11n_zero_shot,640,common6,all,condition,S2T2,S1T1,0.08966253822271354,True,1,0.0628876604964439,0.026774877726269644,2.6774877726269644,0.2986183333307306,0.7013816666692694,1,,
yolo11n_zero_shot,640,common6,all,condition,S2T3,S1T1,0.08966253822271354,True,1,0.026366209276718993,0.06329632894599455,6.329632894599454,0.7059395172237067,0.29406048277629326,1,,
yolo11n_zero_shot,640,common6,all,condition,S3T1,S1T1,0.08966253822271354,True,1,0.07901730714951616,0.010645231073197384,1.0645231073197383,0.11872551551859489,0.8812744844814051,1,,
yolo11n_zero_shot,640,common6,all,condition,S3T2,S1T1,0.08966253822271354,True,1,0.07119218810563425,0.018470350117079287,1.8470350117079288,0.2059985193727243,0.7940014806272757,1,,
yolo11n_zero_shot,640,common6,all,condition,S3T3,S1T1,0.08966253822271354,True,1,0.02913886655545229,0.06052367166726125,6.052367166726125,0.6750162650640783,0.32498373493592175,1,,
yolo11n_zero_shot,640,common6,all,matrix9_mean_including_S1T1,aggregate,S1T1,0.08966253822271354,True,9,0.060471286311222956,0.029191251911490586,2.9191251911490586,0.32556798513758545,0.6744320148624146,9,,
yolo11n_zero_shot,640,common6,all,corrupted8_mean_excluding_S1T1,aggregate,S1T1,0.08966253822271354,True,8,0.05682237982228663,0.032840158400426915,3.2840158400426915,0.3662639832797836,0.6337360167202164,8,,
yolo11n_zero_shot,640,common6,all,corrupted8_worst_excluding_S1T1,aggregate,S1T1,0.08966253822271354,True,8,0.026366209276718993,0.06329632894599455,6.329632894599454,0.7059395172237067,0.29406048277629326,8,,S2T3
yolo11n_zero_shot,640,common6,coco_small,condition,CLEAN,S1T1,0.028208630162796712,True,1,0.02794093268320637,0.00026769747959034043,0.026769747959034043,0.009489914187445936,0.9905100858125541,1,,
yolo11n_zero_shot,640,common6,coco_small,condition,S1T1,S1T1,0.028208630162796712,True,1,0.028208630162796712,0.0,0.0,0.0,1.0,1,,
yolo11n_zero_shot,640,common6,coco_small,condition,S1T2,S1T1,0.028208630162796712,True,1,0.022521406931422388,0.005687223231374324,0.5687223231374324,0.20161288224746854,0.7983871177525315,1,,
yolo11n_zero_shot,640,common6,coco_small,condition,S1T3,S1T1,0.028208630162796712,True,1,0.0037644922948499044,0.02444413786794681,2.444413786794681,0.866548206236021,0.133451793763979,1,,
yolo11n_zero_shot,640,common6,coco_small,condition,S2T1,S1T1,0.028208630162796712,True,1,0.017942964613947888,0.010265665548848824,1.0265665548848824,0.363919321484381,0.636080678515619,1,,
yolo11n_zero_shot,640,common6,coco_small,condition,S2T2,S1T1,0.028208630162796712,True,1,0.013343785754479144,0.014864844408317568,1.4864844408317568,0.5269608741200855,0.4730391258799144,1,,
yolo11n_zero_shot,640,common6,coco_small,condition,S2T3,S1T1,0.028208630162796712,True,1,0.002731652222769855,0.025476977940026856,2.5476977940026857,0.903162535472122,0.09683746452787796,1,,
yolo11n_zero_shot,640,common6,coco_small,condition,S3T1,S1T1,0.028208630162796712,True,1,0.025332129274655737,0.0028765008881409745,0.2876500888140975,0.10197237056674524,0.8980276294332548,1,,
yolo11n_zero_shot,640,common6,coco_small,condition,S3T2,S1T1,0.028208630162796712,True,1,0.018072707119360227,0.010135923043436485,1.0135923043436486,0.35931993099063586,0.6406800690093641,1,,
yolo11n_zero_shot,640,common6,coco_small,condition,S3T3,S1T1,0.028208630162796712,True,1,0.0028829235792517316,0.02532570658354498,2.532570658354498,0.89779994410881,0.10220005589118998,1,,
yolo11n_zero_shot,640,common6,coco_small,matrix9_mean_including_S1T1,aggregate,S1T1,0.028208630162796712,True,9,0.014977854661503733,0.01323077550129298,1.323077550129298,0.4690328961362521,0.5309671038637479,9,,
yolo11n_zero_shot,640,common6,coco_small,corrupted8_mean_excluding_S1T1,aggregate,S1T1,0.028208630162796712,True,8,0.01332400772384211,0.014884622438954602,1.4884622438954602,0.5276620081532837,0.4723379918467163,8,,
yolo11n_zero_shot,640,common6,coco_small,corrupted8_worst_excluding_S1T1,aggregate,S1T1,0.028208630162796712,True,8,0.002731652222769855,0.025476977940026856,2.5476977940026857,0.903162535472122,0.09683746452787796,8,,S2T3
yolo11n_zero_shot,640,common6,large,condition,CLEAN,S1T1,0.47793462297382927,True,1,0.47430288813425825,0.0036317348395710214,0.36317348395710214,0.007598810935632638,0.9924011890643674,1,,
yolo11n_zero_shot,640,common6,large,condition,S1T1,S1T1,0.47793462297382927,True,1,0.47793462297382927,0.0,0.0,0.0,1.0,1,,
yolo11n_zero_shot,640,common6,large,condition,S1T2,S1T1,0.47793462297382927,True,1,0.4290132364242309,0.04892138654959838,4.892138654959838,0.1023599969493677,0.8976400030506323,1,,
yolo11n_zero_shot,640,common6,large,condition,S1T3,S1T1,0.47793462297382927,True,1,0.2849133124894793,0.19302131048434995,19.302131048434994,0.4038655104820046,0.5961344895179954,1,,
yolo11n_zero_shot,640,common6,large,condition,S2T1,S1T1,0.47793462297382927,True,1,0.41490642979416414,0.06302819317966513,6.302819317966513,0.1318761816992623,0.8681238183007377,1,,
yolo11n_zero_shot,640,common6,large,condition,S2T2,S1T1,0.47793462297382927,True,1,0.42630977032372086,0.05162485265010841,5.162485265010841,0.10801655742972882,0.8919834425702712,1,,
yolo11n_zero_shot,640,common6,large,condition,S2T3,S1T1,0.47793462297382927,True,1,0.27768849793354905,0.20024612504028022,20.02461250402802,0.41898225283261237,0.5810177471673876,1,,
yolo11n_zero_shot,640,common6,large,condition,S3T1,S1T1,0.47793462297382927,True,1,0.4528008573524071,0.025133765621422166,2.5133765621422164,0.052588292233430534,0.9474117077665695,1,,
yolo11n_zero_shot,640,common6,large,condition,S3T2,S1T1,0.47793462297382927,True,1,0.440017090441375,0.03791753253245428,3.791753253245428,0.07933623284398583,0.9206637671560142,1,,
yolo11n_zero_shot,640,common6,large,condition,S3T3,S1T1,0.47793462297382927,True,1,0.27520797307610595,0.20272664989772332,20.27266498977233,0.4241723452389935,0.5758276547610065,1,,
yolo11n_zero_shot,640,common6,large,matrix9_mean_including_S1T1,aggregate,S1T1,0.47793462297382927,True,9,0.38653242120098463,0.09140220177284464,9.140220177284464,0.19124415218993174,0.8087558478100683,9,,
yolo11n_zero_shot,640,common6,large,corrupted8_mean_excluding_S1T1,aggregate,S1T1,0.47793462297382927,True,8,0.37510714597937905,0.10282747699445022,10.282747699445022,0.21514967121367312,0.7848503287863269,8,,
yolo11n_zero_shot,640,common6,large,corrupted8_worst_excluding_S1T1,aggregate,S1T1,0.47793462297382927,True,8,0.27520797307610595,0.20272664989772332,20.27266498977233,0.4241723452389935,0.5758276547610065,8,,S3T3
yolo11n_zero_shot,640,common6,medium,condition,CLEAN,S1T1,0.14115879347608598,True,1,0.14186687741431128,-0.0007080839382253012,-0.07080839382253012,-0.005016222658103642,1.0050162226581036,1,,
yolo11n_zero_shot,640,common6,medium,condition,S1T1,S1T1,0.14115879347608598,True,1,0.14115879347608598,0.0,0.0,0.0,1.0,1,,
yolo11n_zero_shot,640,common6,medium,condition,S1T2,S1T1,0.14115879347608598,True,1,0.12936004686525196,0.011798746610834021,1.179874661083402,0.08358492106857562,0.9164150789314244,1,,
yolo11n_zero_shot,640,common6,medium,condition,S1T3,S1T1,0.14115879347608598,True,1,0.049603476339020666,0.09155531713706531,9.155531713706532,0.6485980425482731,0.35140195745172687,1,,
yolo11n_zero_shot,640,common6,medium,condition,S2T1,S1T1,0.14115879347608598,True,1,0.11227136969930536,0.02888742377678062,2.8887423776780623,0.20464487592602232,0.7953551240739777,1,,
yolo11n_zero_shot,640,common6,medium,condition,S2T2,S1T1,0.14115879347608598,True,1,0.09955176531399522,0.04160702816209076,4.160702816209076,0.2947533563974496,0.7052466436025504,1,,
yolo11n_zero_shot,640,common6,medium,condition,S2T3,S1T1,0.14115879347608598,True,1,0.036788961077905365,0.10436983239818062,10.436983239818062,0.7393788925793146,0.2606211074206855,1,,
yolo11n_zero_shot,640,common6,medium,condition,S3T1,S1T1,0.14115879347608598,True,1,0.12586002345292555,0.015298770023160435,1.5298770023160435,0.1083798582179879,0.8916201417820121,1,,
yolo11n_zero_shot,640,common6,medium,condition,S3T2,S1T1,0.14115879347608598,True,1,0.11323698288851582,0.027921810587570164,2.7921810587570164,0.19780425930248868,0.8021957406975113,1,,
yolo11n_zero_shot,640,common6,medium,condition,S3T3,S1T1,0.14115879347608598,True,1,0.04196266362863346,0.09919612984745252,9.919612984745251,0.7027272435865468,0.29727275641345324,1,,
yolo11n_zero_shot,640,common6,medium,matrix9_mean_including_S1T1,aggregate,S1T1,0.14115879347608598,True,9,0.09442156474907104,0.04673722872701494,4.673722872701494,0.33109682773629545,0.6689031722637045,9,,
yolo11n_zero_shot,640,common6,medium,corrupted8_mean_excluding_S1T1,aggregate,S1T1,0.14115879347608598,True,8,0.08857941115819418,0.052579382317891804,5.25793823178918,0.37248393120333234,0.6275160687966677,8,,
yolo11n_zero_shot,640,common6,medium,corrupted8_worst_excluding_S1T1,aggregate,S1T1,0.14115879347608598,True,8,0.036788961077905365,0.10436983239818062,10.436983239818062,0.7393788925793146,0.2606211074206855,8,,S2T3
yolo11n_zero_shot,640,common6,small,condition,CLEAN,S1T1,0.043536928752284286,True,1,0.0432373890864907,0.00029953966579358837,0.029953966579358837,0.006880128534052177,0.9931198714659478,1,,
yolo11n_zero_shot,640,common6,small,condition,S1T1,S1T1,0.043536928752284286,True,1,0.043536928752284286,0.0,0.0,0.0,1.0,1,,
yolo11n_zero_shot,640,common6,small,condition,S1T2,S1T1,0.043536928752284286,True,1,0.035077367886290775,0.008459560865993511,0.8459560865993511,0.19430770861506064,0.8056922913849394,1,,
yolo11n_zero_shot,640,common6,small,condition,S1T3,S1T1,0.043536928752284286,True,1,0.005476910885883677,0.038060017866400606,3.8060017866400604,0.8742007981994753,0.1257992018005247,1,,
yolo11n_zero_shot,640,common6,small,condition,S2T1,S1T1,0.043536928752284286,True,1,0.027862135358107647,0.01567479339417664,1.5674793394176638,0.3600344315365658,0.6399655684634342,1,,
yolo11n_zero_shot,640,common6,small,condition,S2T2,S1T1,0.043536928752284286,True,1,0.02123493731161855,0.022301991440665737,2.2301991440665736,0.5122545866190802,0.48774541338091976,1,,
yolo11n_zero_shot,640,common6,small,condition,S2T3,S1T1,0.043536928752284286,True,1,0.0035618875142215305,0.03997504123806275,3.997504123806275,0.918186982492773,0.08181301750722704,1,,
yolo11n_zero_shot,640,common6,small,condition,S3T1,S1T1,0.043536928752284286,True,1,0.03880819197776682,0.004728736774517468,0.4728736774517468,0.10861438576485172,0.8913856142351483,1,,
yolo11n_zero_shot,640,common6,small,condition,S3T2,S1T1,0.043536928752284286,True,1,0.02820104617560013,0.015335882576684157,1.5335882576684157,0.3522499867627782,0.6477500132372218,1,,
yolo11n_zero_shot,640,common6,small,condition,S3T3,S1T1,0.043536928752284286,True,1,0.004127129181510037,0.03940979957077425,3.940979957077425,0.9052039429562772,0.09479605704372282,1,,
yolo11n_zero_shot,640,common6,small,matrix9_mean_including_S1T1,aggregate,S1T1,0.043536928752284286,True,9,0.02309850389369816,0.020438424858586126,2.0438424858586126,0.4694503136607625,0.5305496863392375,9,,
yolo11n_zero_shot,640,common6,small,corrupted8_mean_excluding_S1T1,aggregate,S1T1,0.043536928752284286,True,8,0.020543700786374894,0.022993227965909392,2.299322796590939,0.5281316028683578,0.4718683971316422,8,,
yolo11n_zero_shot,640,common6,small,corrupted8_worst_excluding_S1T1,aggregate,S1T1,0.043536928752284286,True,8,0.0035618875142215305,0.03997504123806275,3.997504123806275,0.918186982492773,0.08181301750722704,8,,S2T3
yolo11n_zero_shot,640,common6,tiny,condition,CLEAN,S1T1,0.005760734423285615,True,1,0.00541185682008044,0.0003488776032051751,0.034887760320517505,0.06056130652282243,0.9394386934771776,1,,
yolo11n_zero_shot,640,common6,tiny,condition,S1T1,S1T1,0.005760734423285615,True,1,0.005760734423285615,0.0,0.0,0.0,1.0,1,,
yolo11n_zero_shot,640,common6,tiny,condition,S1T2,S1T1,0.005760734423285615,True,1,0.0037678775825761646,0.0019928568407094503,0.19928568407094502,0.34593798190974956,0.6540620180902504,1,,
yolo11n_zero_shot,640,common6,tiny,condition,S1T3,S1T1,0.005760734423285615,True,1,0.0007379656677175166,0.005022768755568098,0.5022768755568098,0.8718972940785872,0.1281027059214128,1,,
yolo11n_zero_shot,640,common6,tiny,condition,S2T1,S1T1,0.005760734423285615,True,1,0.00385340414010254,0.0019073302831830747,0.19073302831830746,0.3310915142127374,0.6689084857872626,1,,
yolo11n_zero_shot,640,common6,tiny,condition,S2T2,S1T1,0.005760734423285615,True,1,0.002520148178399557,0.0032405862448860578,0.3240586244886058,0.5625300537700887,0.4374699462299113,1,,
yolo11n_zero_shot,640,common6,tiny,condition,S2T3,S1T1,0.005760734423285615,True,1,0.0005555555555555554,0.005205178867730059,0.5205178867730059,0.9035616789918435,0.0964383210081565,1,,
yolo11n_zero_shot,640,common6,tiny,condition,S3T1,S1T1,0.005760734423285615,True,1,0.00536662295635043,0.0003941114669351849,0.03941114669351849,0.06841340669032347,0.9315865933096765,1,,
yolo11n_zero_shot,640,common6,tiny,condition,S3T2,S1T1,0.005760734423285615,True,1,0.003273041753603366,0.002487692669682249,0.2487692669682249,0.4318360276472183,0.5681639723527817,1,,
yolo11n_zero_shot,640,common6,tiny,condition,S3T3,S1T1,0.005760734423285615,True,1,0.0002620001130547837,0.005498734310230831,0.5498734310230832,0.954519668187489,0.04548033181251096,1,,
yolo11n_zero_shot,640,common6,tiny,matrix9_mean_including_S1T1,aggregate,S1T1,0.005760734423285615,True,9,0.002899705596738392,0.002861028826547223,0.2861028826547223,0.49664306949867076,0.5033569305013292,9,,
yolo11n_zero_shot,640,common6,tiny,corrupted8_mean_excluding_S1T1,aggregate,S1T1,0.005760734423285615,True,8,0.0025420769934199894,0.0032186574298656255,0.32186574298656256,0.5587234531860046,0.4412765468139954,8,,
yolo11n_zero_shot,640,common6,tiny,corrupted8_worst_excluding_S1T1,aggregate,S1T1,0.005760734423285615,True,8,0.0002620001130547837,0.005498734310230831,0.5498734310230832,0.954519668187489,0.04548033181251096,8,,S3T3
yolo11s_ft,1280,common6,all,condition,CLEAN,S1T1,0.3991956919618838,True,1,0.3991618944751298,3.379748675402805e-05,0.003379748675402805,8.466395663719872e-05,0.9999153360433628,1,,
yolo11s_ft,1280,common6,all,condition,S1T1,S1T1,0.3991956919618838,True,1,0.3991956919618838,0.0,0.0,0.0,1.0,1,,
yolo11s_ft,1280,common6,all,condition,S1T2,S1T1,0.3991956919618838,True,1,0.2910376176237404,0.1081580743381434,10.815807433814339,0.2709399838625277,0.7290600161374723,1,,
yolo11s_ft,1280,common6,all,condition,S1T3,S1T1,0.3991956919618838,True,1,0.06986194058347889,0.3293337513784049,32.93337513784049,0.8249932502023356,0.17500674979766434,1,,
yolo11s_ft,1280,common6,all,condition,S2T1,S1T1,0.3991956919618838,True,1,0.3263436905846727,0.0728520013772111,7.28520013772111,0.18249696287846506,0.8175030371215349,1,,
yolo11s_ft,1280,common6,all,condition,S2T2,S1T1,0.3991956919618838,True,1,0.23330951059515517,0.16588618136672864,16.588618136672864,0.4155510310030296,0.5844489689969704,1,,
yolo11s_ft,1280,common6,all,condition,S2T3,S1T1,0.3991956919618838,True,1,0.05132633848102478,0.347869353480859,34.786935348085905,0.871425620279676,0.1285743797203241,1,,
yolo11s_ft,1280,common6,all,condition,S3T1,S1T1,0.3991956919618838,True,1,0.34536025689061844,0.05383543507126537,5.383543507126537,0.13485975964992558,0.8651402403500744,1,,
yolo11s_ft,1280,common6,all,condition,S3T2,S1T1,0.3991956919618838,True,1,0.2518408720402088,0.14735481992167504,14.735481992167504,0.3691292839296092,0.6308707160703908,1,,
yolo11s_ft,1280,common6,all,condition,S3T3,S1T1,0.3991956919618838,True,1,0.04642369740428488,0.35277199455759894,35.27719945575989,0.8837069178373861,0.11629308216261396,1,,
yolo11s_ft,1280,common6,all,matrix9_mean_including_S1T1,aggregate,S1T1,0.3991956919618838,True,9,0.2238555129072298,0.17534017905465402,17.5340179054654,0.43923364551588384,0.5607663544841162,9,,
yolo11s_ft,1280,common6,all,corrupted8_mean_excluding_S1T1,aggregate,S1T1,0.3991956919618838,True,8,0.20193799052539801,0.1972577014364858,19.72577014364858,0.49413785120536935,0.5058621487946307,8,,
yolo11s_ft,1280,common6,all,corrupted8_worst_excluding_S1T1,aggregate,S1T1,0.3991956919618838,True,8,0.04642369740428488,0.35277199455759894,35.27719945575989,0.8837069178373861,0.11629308216261396,8,,S3T3
yolo11s_ft,1280,common6,coco_small,condition,CLEAN,S1T1,0.28845890125027857,True,1,0.2899291253176987,-0.001470224067420145,-0.1470224067420145,-0.005096823363909708,1.0050968233639097,1,,
yolo11s_ft,1280,common6,coco_small,condition,S1T1,S1T1,0.28845890125027857,True,1,0.28845890125027857,0.0,0.0,0.0,1.0,1,,
yolo11s_ft,1280,common6,coco_small,condition,S1T2,S1T1,0.28845890125027857,True,1,0.16774349948585135,0.12071540176442722,12.071540176442722,0.4184838853687849,0.5815161146312151,1,,
yolo11s_ft,1280,common6,coco_small,condition,S1T3,S1T1,0.28845890125027857,True,1,0.011491912351557082,0.2769669888987215,27.696698889872152,0.9601610062932805,0.03983899370671954,1,,
yolo11s_ft,1280,common6,coco_small,condition,S2T1,S1T1,0.28845890125027857,True,1,0.21779880125527507,0.0706600999950035,7.06600999950035,0.24495725279663305,0.755042747203367,1,,
yolo11s_ft,1280,common6,coco_small,condition,S2T2,S1T1,0.28845890125027857,True,1,0.12094463908985002,0.16751426216042853,16.75142621604285,0.580721417971035,0.41927858202896495,1,,
yolo11s_ft,1280,common6,coco_small,condition,S2T3,S1T1,0.28845890125027857,True,1,0.006909935825437155,0.2815489654248414,28.154896542484142,0.9760453368036585,0.0239546631963415,1,,
yolo11s_ft,1280,common6,coco_small,condition,S3T1,S1T1,0.28845890125027857,True,1,0.2514868062010898,0.03697209504918875,3.6972095049188747,0.1281711012866622,0.8718288987133378,1,,
yolo11s_ft,1280,common6,coco_small,condition,S3T2,S1T1,0.28845890125027857,True,1,0.1414359527247236,0.14702294852555498,14.702294852555497,0.5096842145910829,0.49031578540891707,1,,
yolo11s_ft,1280,common6,coco_small,condition,S3T3,S1T1,0.28845890125027857,True,1,0.004570090518041195,0.2838888107322374,28.388881073223736,0.9841568746943399,0.015843125305660094,1,,
yolo11s_ft,1280,common6,coco_small,matrix9_mean_including_S1T1,aggregate,S1T1,0.28845890125027857,True,9,0.1345378376335671,0.15392106361671146,15.392106361671146,0.5335978988672752,0.46640210113272484,9,,
yolo11s_ft,1280,common6,coco_small,corrupted8_mean_excluding_S1T1,aggregate,S1T1,0.28845890125027857,True,8,0.11529770468147817,0.1731611965688004,17.31611965688004,0.6002976362256847,0.3997023637743154,8,,
yolo11s_ft,1280,common6,coco_small,corrupted8_worst_excluding_S1T1,aggregate,S1T1,0.28845890125027857,True,8,0.004570090518041195,0.2838888107322374,28.388881073223736,0.9841568746943399,0.015843125305660094,8,,S3T3
yolo11s_ft,1280,common6,large,condition,CLEAN,S1T1,0.6026069479338325,True,1,0.6068019539979043,-0.004195006064071749,-0.4195006064071749,-0.006961429964349453,1.0069614299643495,1,,
yolo11s_ft,1280,common6,large,condition,S1T1,S1T1,0.6026069479338325,True,1,0.6026069479338325,0.0,0.0,0.0,1.0,1,,
yolo11s_ft,1280,common6,large,condition,S1T2,S1T1,0.6026069479338325,True,1,0.5552807954078983,0.047326152525934195,4.732615252593419,0.07853569011808126,0.9214643098819187,1,,
yolo11s_ft,1280,common6,large,condition,S1T3,S1T1,0.6026069479338325,True,1,0.33445275151217074,0.2681541964216618,26.815419642166177,0.4449902168255545,0.5550097831744455,1,,
yolo11s_ft,1280,common6,large,condition,S2T1,S1T1,0.6026069479338325,True,1,0.5090197752303259,0.09358717270350658,9.358717270350658,0.15530383946682047,0.8446961605331795,1,,
yolo11s_ft,1280,common6,large,condition,S2T2,S1T1,0.6026069479338325,True,1,0.49320733243770826,0.10939961549612426,10.939961549612425,0.1815439000018575,0.8184560999981425,1,,
yolo11s_ft,1280,common6,large,condition,S2T3,S1T1,0.6026069479338325,True,1,0.26606782323228967,0.33653912470154285,33.65391247015428,0.5584720286671762,0.44152797133282384,1,,
yolo11s_ft,1280,common6,large,condition,S3T1,S1T1,0.6026069479338325,True,1,0.5159395896730394,0.08666735826079308,8.666735826079307,0.14382070860276464,0.8561792913972354,1,,
yolo11s_ft,1280,common6,large,condition,S3T2,S1T1,0.6026069479338325,True,1,0.5160517735321762,0.08655517440165628,8.655517440165628,0.1436345443716328,0.8563654556283672,1,,
yolo11s_ft,1280,common6,large,condition,S3T3,S1T1,0.6026069479338325,True,1,0.25792414549322484,0.34468280244060767,34.468280244060765,0.5719861073995691,0.4280138926004309,1,,
yolo11s_ft,1280,common6,large,matrix9_mean_including_S1T1,aggregate,S1T1,0.6026069479338325,True,9,0.4500612149391851,0.1525457329946474,15.254573299464742,0.2531430039392729,0.7468569960607271,9,,
yolo11s_ft,1280,common6,large,corrupted8_mean_excluding_S1T1,aggregate,S1T1,0.6026069479338325,True,8,0.43099299831485416,0.17161394961897836,17.161394961897834,0.2847858794316821,0.7152141205683179,8,,
yolo11s_ft,1280,common6,large,corrupted8_worst_excluding_S1T1,aggregate,S1T1,0.6026069479338325,True,8,0.25792414549322484,0.34468280244060767,34.468280244060765,0.5719861073995691,0.4280138926004309,8,,S3T3
yolo11s_ft,1280,common6,medium,condition,CLEAN,S1T1,0.5412992506572583,True,1,0.5396437195151481,0.0016555311421101448,0.16555311421101448,0.003058439744928476,0.9969415602550715,1,,
yolo11s_ft,1280,common6,medium,condition,S1T1,S1T1,0.5412992506572583,True,1,0.5412992506572583,0.0,0.0,0.0,1.0,1,,
yolo11s_ft,1280,common6,medium,condition,S1T2,S1T1,0.5412992506572583,True,1,0.4380269927704183,0.10327225788683997,10.327225788683997,0.19078588740229063,0.8092141125977094,1,,
yolo11s_ft,1280,common6,medium,condition,S1T3,S1T1,0.5412992506572583,True,1,0.11001500324119702,0.43128424741606125,43.128424741606125,0.7967575179392652,0.20324248206073484,1,,
yolo11s_ft,1280,common6,medium,condition,S2T1,S1T1,0.5412992506572583,True,1,0.45959610126834366,0.0817031493889146,8.17031493889146,0.15093896636603266,0.8490610336339673,1,,
yolo11s_ft,1280,common6,medium,condition,S2T2,S1T1,0.5412992506572583,True,1,0.3667573451695371,0.17454190548772114,17.454190548772115,0.3224499300078252,0.6775500699921748,1,,
yolo11s_ft,1280,common6,medium,condition,S2T3,S1T1,0.5412992506572583,True,1,0.08315395254640466,0.4581452981108536,45.81452981108536,0.8463808097915577,0.15361919020844234,1,,
yolo11s_ft,1280,common6,medium,condition,S3T1,S1T1,0.5412992506572583,True,1,0.4629635609365325,0.07833568972072574,7.833568972072574,0.1447178979568302,0.8552821020431698,1,,
yolo11s_ft,1280,common6,medium,condition,S3T2,S1T1,0.5412992506572583,True,1,0.38200134982143824,0.15929790083582002,15.929790083582002,0.2942880498031297,0.7057119501968703,1,,
yolo11s_ft,1280,common6,medium,condition,S3T3,S1T1,0.5412992506572583,True,1,0.07546961025258912,0.4658296404046691,46.58296404046691,0.8605769171840675,0.1394230828159325,1,,
yolo11s_ft,1280,common6,medium,matrix9_mean_including_S1T1,aggregate,S1T1,0.5412992506572583,True,9,0.32436479629596876,0.2169344543612895,21.69344543612895,0.4007662196056665,0.5992337803943335,9,,
yolo11s_ft,1280,common6,medium,corrupted8_mean_excluding_S1T1,aggregate,S1T1,0.5412992506572583,True,8,0.29724798950080755,0.2440512611564507,24.40512611564507,0.45086199705637486,0.5491380029436251,8,,
yolo11s_ft,1280,common6,medium,corrupted8_worst_excluding_S1T1,aggregate,S1T1,0.5412992506572583,True,8,0.07546961025258912,0.4658296404046691,46.58296404046691,0.8605769171840675,0.1394230828159325,8,,S3T3
yolo11s_ft,1280,common6,small,condition,CLEAN,S1T1,0.3640877651249061,True,1,0.3656155742181298,-0.0015278090932236976,-0.15278090932236976,-0.004196265954445222,1.0041962659544452,1,,
yolo11s_ft,1280,common6,small,condition,S1T1,S1T1,0.3640877651249061,True,1,0.3640877651249061,0.0,0.0,0.0,1.0,1,,
yolo11s_ft,1280,common6,small,condition,S1T2,S1T1,0.3640877651249061,True,1,0.23139435655945556,0.13269340856545053,13.269340856545053,0.3644544565234922,0.6355455434765078,1,,
yolo11s_ft,1280,common6,small,condition,S1T3,S1T1,0.3640877651249061,True,1,0.01730051966410298,0.3467872454608031,34.67872454608031,0.952482556896226,0.047517443103774065,1,,
yolo11s_ft,1280,common6,small,condition,S2T1,S1T1,0.3640877651249061,True,1,0.28513926046731913,0.07894850465758696,7.8948504657586955,0.2168392135629782,0.7831607864370218,1,,
yolo11s_ft,1280,common6,small,condition,S2T2,S1T1,0.3640877651249061,True,1,0.17381058669791036,0.19027717842699574,19.027717842699573,0.5226134922762871,0.47738650772371294,1,,
yolo11s_ft,1280,common6,small,condition,S2T3,S1T1,0.3640877651249061,True,1,0.01026712061228806,0.353820644512618,35.382064451261805,0.9718004239753408,0.028199576024659223,1,,
yolo11s_ft,1280,common6,small,condition,S3T1,S1T1,0.3640877651249061,True,1,0.31268020587217976,0.05140755925272633,5.140755925272633,0.1411955143153194,0.8588044856846806,1,,
yolo11s_ft,1280,common6,small,condition,S3T2,S1T1,0.3640877651249061,True,1,0.1966163833314094,0.1674713817934967,16.74713817934967,0.45997530770099615,0.5400246922990039,1,,
yolo11s_ft,1280,common6,small,condition,S3T3,S1T1,0.3640877651249061,True,1,0.0071234031125790185,0.35696436201232706,35.69643620123271,0.9804349286218524,0.01956507137814758,1,,
yolo11s_ft,1280,common6,small,matrix9_mean_including_S1T1,aggregate,S1T1,0.3640877651249061,True,9,0.1776021779380167,0.1864855871868894,18.64855871868894,0.5121995437636102,0.48780045623638973,9,,
yolo11s_ft,1280,common6,small,corrupted8_mean_excluding_S1T1,aggregate,S1T1,0.3640877651249061,True,8,0.15429147953965552,0.20979628558525057,20.979628558525057,0.5762244867340616,0.42377551326593843,8,,
yolo11s_ft,1280,common6,small,corrupted8_worst_excluding_S1T1,aggregate,S1T1,0.3640877651249061,True,8,0.0071234031125790185,0.35696436201232706,35.69643620123271,0.9804349286218524,0.01956507137814758,8,,S3T3
yolo11s_ft,1280,common6,tiny,condition,CLEAN,S1T1,0.15287651423063517,True,1,0.15216673335606107,0.0007097808745741008,0.07097808745741008,0.004642837901859154,0.9953571620981408,1,,
yolo11s_ft,1280,common6,tiny,condition,S1T1,S1T1,0.15287651423063517,True,1,0.15287651423063517,0.0,0.0,0.0,1.0,1,,
yolo11s_ft,1280,common6,tiny,condition,S1T2,S1T1,0.15287651423063517,True,1,0.06653454878595962,0.08634196544467555,8.634196544467555,0.564782405454489,0.43521759454551096,1,,
yolo11s_ft,1280,common6,tiny,condition,S1T3,S1T1,0.15287651423063517,True,1,0.000896268048329749,0.1519802461823054,15.19802461823054,0.9941373071407319,0.00586269285926814,1,,
yolo11s_ft,1280,common6,tiny,condition,S2T1,S1T1,0.15287651423063517,True,1,0.10343073043535217,0.049445783795283,4.9445783795283,0.32343610164140224,0.6765638983585978,1,,
yolo11s_ft,1280,common6,tiny,condition,S2T2,S1T1,0.15287651423063517,True,1,0.03774861771099946,0.1151278965196357,11.51278965196357,0.753077718307663,0.24692228169233696,1,,
yolo11s_ft,1280,common6,tiny,condition,S2T3,S1T1,0.15287651423063517,True,1,0.0011173909448182295,0.15175912328581695,15.175912328581695,0.9926908920546652,0.007309107945334835,1,,
yolo11s_ft,1280,common6,tiny,condition,S3T1,S1T1,0.15287651423063517,True,1,0.14462358310390794,0.008252931126727231,0.8252931126727231,0.0539842968572436,0.9460157031427564,1,,
yolo11s_ft,1280,common6,tiny,condition,S3T2,S1T1,0.15287651423063517,True,1,0.05333542994248551,0.09954108428814966,9.954108428814965,0.6511208395161228,0.34887916048387724,1,,
yolo11s_ft,1280,common6,tiny,condition,S3T3,S1T1,0.15287651423063517,True,1,0.0006755478719496741,0.1522009663586855,15.220096635868549,0.9955810879431061,0.004418912056893955,1,,
yolo11s_ft,1280,common6,tiny,matrix9_mean_including_S1T1,aggregate,S1T1,0.15287651423063517,True,9,0.062359847897159724,0.09051666633347544,9.051666633347544,0.5920900721017137,0.40790992789828623,9,,
yolo11s_ft,1280,common6,tiny,corrupted8_mean_excluding_S1T1,aggregate,S1T1,0.15287651423063517,True,8,0.051045264605475295,0.10183124962515988,10.183124962515988,0.6661013311144279,0.33389866888557207,8,,
yolo11s_ft,1280,common6,tiny,corrupted8_worst_excluding_S1T1,aggregate,S1T1,0.15287651423063517,True,8,0.0006755478719496741,0.1522009663586855,15.220096635868549,0.9955810879431061,0.004418912056893955,8,,S3T3
yolo11s_ft,1280,native10,all,condition,CLEAN,S1T1,0.34415591541220725,True,1,0.344031622792198,0.00012429262000923647,0.012429262000923647,0.000361152066383541,0.9996388479336165,1,,
yolo11s_ft,1280,native10,all,condition,S1T1,S1T1,0.34415591541220725,True,1,0.34415591541220725,0.0,0.0,0.0,1.0,1,,
yolo11s_ft,1280,native10,all,condition,S1T2,S1T1,0.34415591541220725,True,1,0.24960674306358116,0.09454917234862609,9.45491723486261,0.27472772692394765,0.7252722730760524,1,,
yolo11s_ft,1280,native10,all,condition,S1T3,S1T1,0.34415591541220725,True,1,0.05322682357781874,0.29092909183438853,29.092909183438852,0.8453409597389394,0.15465904026106062,1,,
yolo11s_ft,1280,native10,all,condition,S2T1,S1T1,0.34415591541220725,True,1,0.28056700542197915,0.06358890999022809,6.358890999022809,0.18476773794245405,0.815232262057546,1,,
yolo11s_ft,1280,native10,all,condition,S2T2,S1T1,0.34415591541220725,True,1,0.19714789506915148,0.14700802034305577,14.700802034305577,0.42715529142359576,0.5728447085764042,1,,
yolo11s_ft,1280,native10,all,condition,S2T3,S1T1,0.34415591541220725,True,1,0.038232152217080546,0.3059237631951267,30.59237631951267,0.8889103731624413,0.11108962683755878,1,,
yolo11s_ft,1280,native10,all,condition,S3T1,S1T1,0.34415591541220725,True,1,0.294911804141268,0.04924411127093925,4.924411127093925,0.14308663331257254,0.8569133666874275,1,,
yolo11s_ft,1280,native10,all,condition,S3T2,S1T1,0.34415591541220725,True,1,0.21422750683330594,0.1299284085789013,12.992840857890132,0.3775277505350493,0.6224722494649507,1,,
yolo11s_ft,1280,native10,all,condition,S3T3,S1T1,0.34415591541220725,True,1,0.035730568424958,0.30842534698724927,30.842534698724926,0.8961791245628823,0.10382087543711774,1,,
yolo11s_ft,1280,native10,all,matrix9_mean_including_S1T1,aggregate,S1T1,0.34415591541220725,True,9,0.18975626824015002,0.15439964717205723,15.439964717205722,0.448632844177987,0.551367155822013,9,,
yolo11s_ft,1280,native10,all,corrupted8_mean_excluding_S1T1,aggregate,S1T1,0.34415591541220725,True,8,0.17045631234364286,0.17369960306856438,17.369960306856438,0.5047119497002353,0.4952880502997647,8,,
yolo11s_ft,1280,native10,all,corrupted8_worst_excluding_S1T1,aggregate,S1T1,0.34415591541220725,True,8,0.035730568424958,0.30842534698724927,30.842534698724926,0.8961791245628823,0.10382087543711774,8,,S3T3
yolo11s_ft,1280,native10,coco_small,condition,CLEAN,S1T1,0.2530666339268813,True,1,0.25385901283281853,-0.0007923789059372521,-0.07923789059372521,-0.0031311077783813257,1.0031311077783813,1,,
yolo11s_ft,1280,native10,coco_small,condition,S1T1,S1T1,0.2530666339268813,True,1,0.2530666339268813,0.0,0.0,0.0,1.0,1,,
yolo11s_ft,1280,native10,coco_small,condition,S1T2,S1T1,0.2530666339268813,True,1,0.1464070719289708,0.10665956199791049,10.665956199791049,0.42146829213655923,0.5785317078634408,1,,
yolo11s_ft,1280,native10,coco_small,condition,S1T3,S1T1,0.2530666339268813,True,1,0.009929904120539897,0.24313672980634138,24.313672980634138,0.9607617015074024,0.03923829849259761,1,,
yolo11s_ft,1280,native10,coco_small,condition,S2T1,S1T1,0.2530666339268813,True,1,0.19174651597271783,0.06132011795416345,6.132011795416345,0.24230818975480073,0.7576918102451993,1,,
yolo11s_ft,1280,native10,coco_small,condition,S2T2,S1T1,0.2530666339268813,True,1,0.10412359544404098,0.1489430384828403,14.894303848284029,0.5885526518121489,0.4114473481878511,1,,
yolo11s_ft,1280,native10,coco_small,condition,S2T3,S1T1,0.2530666339268813,True,1,0.005685533145276188,0.24738110078160508,24.738110078160506,0.9775334541063248,0.022466545893675235,1,,
yolo11s_ft,1280,native10,coco_small,condition,S3T1,S1T1,0.2530666339268813,True,1,0.21609279070630583,0.03697384322057545,3.6973843220575455,0.1461031928502211,0.8538968071497789,1,,
yolo11s_ft,1280,native10,coco_small,condition,S3T2,S1T1,0.2530666339268813,True,1,0.12385329112494514,0.12921334280193614,12.921334280193614,0.5105901983082837,0.48940980169171633,1,,
yolo11s_ft,1280,native10,coco_small,condition,S3T3,S1T1,0.2530666339268813,True,1,0.004829681762068353,0.24823695216481292,24.823695216481294,0.9809153751835029,0.01908462481649713,1,,
yolo11s_ft,1280,native10,coco_small,matrix9_mean_including_S1T1,aggregate,S1T1,0.2530666339268813,True,9,0.11730389090352736,0.13576274302335392,13.576274302335392,0.5364703395176937,0.4635296604823062,9,,
yolo11s_ft,1280,native10,coco_small,corrupted8_mean_excluding_S1T1,aggregate,S1T1,0.2530666339268813,True,8,0.10033354802560812,0.15273308590127316,15.273308590127316,0.6035291319574054,0.3964708680425945,8,,
yolo11s_ft,1280,native10,coco_small,corrupted8_worst_excluding_S1T1,aggregate,S1T1,0.2530666339268813,True,8,0.004829681762068353,0.24823695216481292,24.823695216481294,0.9809153751835029,0.01908462481649713,8,,S3T3
yolo11s_ft,1280,native10,large,condition,CLEAN,S1T1,0.5147958638291914,True,1,0.519279411310773,-0.00448354748158164,-0.448354748158164,-0.008709369667875277,1.0087093696678753,1,,
yolo11s_ft,1280,native10,large,condition,S1T1,S1T1,0.5147958638291914,True,1,0.5147958638291914,0.0,0.0,0.0,1.0,1,,
yolo11s_ft,1280,native10,large,condition,S1T2,S1T1,0.5147958638291914,True,1,0.4994961530418901,0.015299710787301302,1.5299710787301302,0.029719956709632234,0.9702800432903678,1,,
yolo11s_ft,1280,native10,large,condition,S1T3,S1T1,0.5147958638291914,True,1,0.2690080541008957,0.24578780972829573,24.578780972829573,0.4774471338989775,0.5225528661010225,1,,
yolo11s_ft,1280,native10,large,condition,S2T1,S1T1,0.5147958638291914,True,1,0.4149843458602934,0.09981151796889798,9.981151796889797,0.1938856253165533,0.8061143746834467,1,,
yolo11s_ft,1280,native10,large,condition,S2T2,S1T1,0.5147958638291914,True,1,0.4177544487783198,0.0970414150508716,9.704141505087161,0.18850465178381814,0.8114953482161819,1,,
yolo11s_ft,1280,native10,large,condition,S2T3,S1T1,0.5147958638291914,True,1,0.20671701498597395,0.30807884884321746,30.807884884321744,0.5984485705686198,0.40155142943138017,1,,
yolo11s_ft,1280,native10,large,condition,S3T1,S1T1,0.5147958638291914,True,1,0.46231513734562396,0.05248072648356744,5.248072648356744,0.1019447322152155,0.8980552677847845,1,,
yolo11s_ft,1280,native10,large,condition,S3T2,S1T1,0.5147958638291914,True,1,0.4716801599749023,0.04311570385428909,4.311570385428909,0.08375301140452607,0.9162469885954739,1,,
yolo11s_ft,1280,native10,large,condition,S3T3,S1T1,0.5147958638291914,True,1,0.18925289076468527,0.32554297306450614,32.554297306450614,0.6323729383585741,0.36762706164142595,1,,
yolo11s_ft,1280,native10,large,matrix9_mean_including_S1T1,aggregate,S1T1,0.5147958638291914,True,9,0.3828893409646418,0.13190652286454962,13.190652286454963,0.2562307355839907,0.7437692644160093,9,,
yolo11s_ft,1280,native10,large,corrupted8_mean_excluding_S1T1,aggregate,S1T1,0.5147958638291914,True,8,0.36640102560657306,0.14839483822261834,14.839483822261833,0.2882595775319896,0.7117404224680104,8,,
yolo11s_ft,1280,native10,large,corrupted8_worst_excluding_S1T1,aggregate,S1T1,0.5147958638291914,True,8,0.18925289076468527,0.32554297306450614,32.554297306450614,0.6323729383585741,0.36762706164142595,8,,S3T3
yolo11s_ft,1280,native10,medium,condition,CLEAN,S1T1,0.4680010838244278,True,1,0.4662049515351195,0.0017961322893083054,0.17961322893083054,0.0038378806190588755,0.9961621193809411,1,,
yolo11s_ft,1280,native10,medium,condition,S1T1,S1T1,0.4680010838244278,True,1,0.4680010838244278,0.0,0.0,0.0,1.0,1,,
yolo11s_ft,1280,native10,medium,condition,S1T2,S1T1,0.4680010838244278,True,1,0.38322817548865146,0.08477290833577633,8.477290833577634,0.18113827353352707,0.8188617264664729,1,,
yolo11s_ft,1280,native10,medium,condition,S1T3,S1T1,0.4680010838244278,True,1,0.08841882731814632,0.37958225650628147,37.958225650628144,0.8110713193319934,0.18892868066800664,1,,
yolo11s_ft,1280,native10,medium,condition,S2T1,S1T1,0.4680010838244278,True,1,0.39585245053551066,0.07214863328891713,7.214863328891713,0.1541633893223716,0.8458366106776284,1,,
yolo11s_ft,1280,native10,medium,condition,S2T2,S1T1,0.4680010838244278,True,1,0.3175626615404764,0.15043842228395138,15.043842228395137,0.3214488758329219,0.6785511241670781,1,,
yolo11s_ft,1280,native10,medium,condition,S2T3,S1T1,0.4680010838244278,True,1,0.06540691747352569,0.4025941663509021,40.25941663509021,0.8602419529907257,0.13975804700927427,1,,
yolo11s_ft,1280,native10,medium,condition,S3T1,S1T1,0.4680010838244278,True,1,0.39743839289530053,0.07056269092912726,7.056269092912726,0.15077463144422776,0.8492253685557722,1,,
yolo11s_ft,1280,native10,medium,condition,S3T2,S1T1,0.4680010838244278,True,1,0.3292347628003538,0.138766321024074,13.876632102407399,0.296508546283907,0.703491453716093,1,,
yolo11s_ft,1280,native10,medium,condition,S3T3,S1T1,0.4680010838244278,True,1,0.060579338567863024,0.40742174525656477,40.74217452565648,0.8705572686438701,0.12944273135612988,1,,
yolo11s_ft,1280,native10,medium,matrix9_mean_including_S1T1,aggregate,S1T1,0.4680010838244278,True,9,0.27841362338269504,0.18958746044173275,18.958746044173274,0.4051004730426161,0.5948995269573839,9,,
yolo11s_ft,1280,native10,medium,corrupted8_mean_excluding_S1T1,aggregate,S1T1,0.4680010838244278,True,8,0.2547151908274785,0.21328589299694928,21.32858929969493,0.45573803217294306,0.5442619678270569,8,,
yolo11s_ft,1280,native10,medium,corrupted8_worst_excluding_S1T1,aggregate,S1T1,0.4680010838244278,True,8,0.060579338567863024,0.40742174525656477,40.74217452565648,0.8705572686438701,0.12944273135612988,8,,S3T3
yolo11s_ft,1280,native10,small,condition,CLEAN,S1T1,0.31686212469876607,True,1,0.31782025041133316,-0.0009581257125670928,-0.09581257125670928,-0.0030237937509192125,1.0030237937509192,1,,
yolo11s_ft,1280,native10,small,condition,S1T1,S1T1,0.31686212469876607,True,1,0.31686212469876607,0.0,0.0,0.0,1.0,1,,
yolo11s_ft,1280,native10,small,condition,S1T2,S1T1,0.31686212469876607,True,1,0.20152417980332668,0.11533794489543939,11.533794489543938,0.3640004150230598,0.6359995849769402,1,,
yolo11s_ft,1280,native10,small,condition,S1T3,S1T1,0.31686212469876607,True,1,0.014850086306331138,0.30201203839243496,30.201203839243497,0.953133918039435,0.046866081960565,1,,
yolo11s_ft,1280,native10,small,condition,S2T1,S1T1,0.31686212469876607,True,1,0.24579254601577377,0.0710695786829923,7.106957868299229,0.22429180751898514,0.7757081924810149,1,,
yolo11s_ft,1280,native10,small,condition,S2T2,S1T1,0.31686212469876607,True,1,0.14881285845702813,0.16804926624173794,16.804926624173795,0.5303545395382888,0.4696454604617112,1,,
yolo11s_ft,1280,native10,small,condition,S2T3,S1T1,0.31686212469876607,True,1,0.008537535925478262,0.30832458877328783,30.832458877328783,0.9730559910447021,0.026944008955297867,1,,
yolo11s_ft,1280,native10,small,condition,S3T1,S1T1,0.31686212469876607,True,1,0.26663917198299736,0.05022295271576871,5.022295271576871,0.15850096556511628,0.8414990344348837,1,,
yolo11s_ft,1280,native10,small,condition,S3T2,S1T1,0.31686212469876607,True,1,0.17091170021226157,0.1459504244865045,14.59504244865045,0.4606117712088701,0.5393882287911299,1,,
yolo11s_ft,1280,native10,small,condition,S3T3,S1T1,0.31686212469876607,True,1,0.00716217120750834,0.30969995349125773,30.969995349125774,0.9773965688883856,0.02260343111161443,1,,
yolo11s_ft,1280,native10,small,matrix9_mean_including_S1T1,aggregate,S1T1,0.31686212469876607,True,9,0.15345470828994123,0.16340741640882483,16.340741640882484,0.515705108536316,0.48429489146368404,9,,
yolo11s_ft,1280,native10,small,corrupted8_mean_excluding_S1T1,aggregate,S1T1,0.31686212469876607,True,8,0.13302878123883816,0.1838333434599279,18.38333434599279,0.5801682471033554,0.41983175289664465,8,,
yolo11s_ft,1280,native10,small,corrupted8_worst_excluding_S1T1,aggregate,S1T1,0.31686212469876607,True,8,0.00716217120750834,0.30969995349125773,30.969995349125774,0.9773965688883856,0.02260343111161443,8,,S3T3
yolo11s_ft,1280,native10,tiny,condition,CLEAN,S1T1,0.1491270887196647,True,1,0.1486855267069379,0.0004415620127267983,0.04415620127267983,0.0029609778915276053,0.9970390221084724,1,,
yolo11s_ft,1280,native10,tiny,condition,S1T1,S1T1,0.1491270887196647,True,1,0.1491270887196647,0.0,0.0,0.0,1.0,1,,
yolo11s_ft,1280,native10,tiny,condition,S1T2,S1T1,0.1491270887196647,True,1,0.06242552941138284,0.08670155930828187,8.670155930828187,0.5813937632167356,0.41860623678326436,1,,
yolo11s_ft,1280,native10,tiny,condition,S1T3,S1T1,0.1491270887196647,True,1,0.0009854755241626163,0.1481416131955021,14.814161319550209,0.9933917068144799,0.006608293185520131,1,,
yolo11s_ft,1280,native10,tiny,condition,S2T1,S1T1,0.1491270887196647,True,1,0.10767082342418124,0.04145626529548346,4.1456265295483465,0.27799285596874135,0.7220071440312587,1,,
yolo11s_ft,1280,native10,tiny,condition,S2T2,S1T1,0.1491270887196647,True,1,0.036158916557313805,0.1129681721623509,11.296817216235091,0.7575295215124407,0.2424704784875593,1,,
yolo11s_ft,1280,native10,tiny,condition,S2T3,S1T1,0.1491270887196647,True,1,0.0009962753698052604,0.14813081334985945,14.813081334985945,0.9933192863995481,0.006680713600451895,1,,
yolo11s_ft,1280,native10,tiny,condition,S3T1,S1T1,0.1491270887196647,True,1,0.13481115669006768,0.014315932029597023,1.4315932029597023,0.09599819960616751,0.9040018003938325,1,,
yolo11s_ft,1280,native10,tiny,condition,S3T2,S1T1,0.1491270887196647,True,1,0.05022825378897511,0.0988988349306896,9.88988349306896,0.6631849101312756,0.33681508986872444,1,,
yolo11s_ft,1280,native10,tiny,condition,S3T3,S1T1,0.1491270887196647,True,1,0.0007661330106070917,0.1483609557090576,14.83609557090576,0.9948625496736726,0.005137450326327367,1,,
yolo11s_ft,1280,native10,tiny,matrix9_mean_including_S1T1,aggregate,S1T1,0.1491270887196647,True,9,0.06035218361068448,0.08877490510898023,8.877490510898022,0.5952969770358958,0.40470302296410426,9,,
yolo11s_ft,1280,native10,tiny,corrupted8_mean_excluding_S1T1,aggregate,S1T1,0.1491270887196647,True,8,0.04925532047206196,0.09987176824760274,9.987176824760274,0.6697090991653827,0.3302909008346173,8,,
yolo11s_ft,1280,native10,tiny,corrupted8_worst_excluding_S1T1,aggregate,S1T1,0.1491270887196647,True,8,0.0007661330106070917,0.1483609557090576,14.83609557090576,0.9948625496736726,0.005137450326327367,8,,S3T3
yolo11s_zero_shot,1280,common6,all,condition,CLEAN,S1T1,0.21577034786063762,True,1,0.21566026261452723,0.00011008524611039183,0.011008524611039183,0.0005101963601666926,0.9994898036398333,1,,
yolo11s_zero_shot,1280,common6,all,condition,S1T1,S1T1,0.21577034786063762,True,1,0.21577034786063762,0.0,0.0,0.0,1.0,1,,
yolo11s_zero_shot,1280,common6,all,condition,S1T2,S1T1,0.21577034786063762,True,1,0.15105079253503084,0.06471955532560678,6.471955532560678,0.2999464753489114,0.7000535246510886,1,,
yolo11s_zero_shot,1280,common6,all,condition,S1T3,S1T1,0.21577034786063762,True,1,0.04097004785947308,0.17480030000116453,17.480030000116454,0.8101219733587539,0.18987802664124606,1,,
yolo11s_zero_shot,1280,common6,all,condition,S2T1,S1T1,0.21577034786063762,True,1,0.17604750651886633,0.03972284134177129,3.9722841341771287,0.18409777680586392,0.8159022231941361,1,,
yolo11s_zero_shot,1280,common6,all,condition,S2T2,S1T1,0.21577034786063762,True,1,0.12494232143829258,0.09082802642234504,9.082802642234505,0.4209476757251618,0.5790523242748382,1,,
yolo11s_zero_shot,1280,common6,all,condition,S2T3,S1T1,0.21577034786063762,True,1,0.028985703187537563,0.18678464467310005,18.678464467310004,0.8656641031776111,0.13433589682238883,1,,
yolo11s_zero_shot,1280,common6,all,condition,S3T1,S1T1,0.21577034786063762,True,1,0.19536950910269174,0.020400838757945877,2.0400838757945876,0.09454885233406785,0.9054511476659322,1,,
yolo11s_zero_shot,1280,common6,all,condition,S3T2,S1T1,0.21577034786063762,True,1,0.13321506977791475,0.08255527808272287,8.255527808272287,0.38260715108103693,0.6173928489189631,1,,
yolo11s_zero_shot,1280,common6,all,condition,S3T3,S1T1,0.21577034786063762,True,1,0.02998532736955468,0.18578502049108295,18.578502049108295,0.861031287816611,0.13896871218338905,1,,
yolo11s_zero_shot,1280,common6,all,matrix9_mean_including_S1T1,aggregate,S1T1,0.21577034786063762,True,9,0.12181518062777769,0.09395516723285993,9.395516723285994,0.4354405884053353,0.5645594115946647,9,,
yolo11s_zero_shot,1280,common6,all,corrupted8_mean_excluding_S1T1,aggregate,S1T1,0.21577034786063762,True,8,0.1100707847236702,0.10569956313696742,10.569956313696743,0.48987066195600226,0.5101293380439977,8,,
yolo11s_zero_shot,1280,common6,all,corrupted8_worst_excluding_S1T1,aggregate,S1T1,0.21577034786063762,True,8,0.028985703187537563,0.18678464467310005,18.678464467310004,0.8656641031776111,0.13433589682238883,8,,S2T3
yolo11s_zero_shot,1280,common6,coco_small,condition,CLEAN,S1T1,0.11638035088890811,True,1,0.11503699630370459,0.0013433545852035156,0.13433545852035156,0.011542795454241417,0.9884572045457586,1,,
yolo11s_zero_shot,1280,common6,coco_small,condition,S1T1,S1T1,0.11638035088890811,True,1,0.11638035088890811,0.0,0.0,0.0,1.0,1,,
yolo11s_zero_shot,1280,common6,coco_small,condition,S1T2,S1T1,0.11638035088890811,True,1,0.06205708644490429,0.054323264444003816,5.432326444400381,0.4667735062584454,0.5332264937415546,1,,
yolo11s_zero_shot,1280,common6,coco_small,condition,S1T3,S1T1,0.11638035088890811,True,1,0.006786439818842194,0.10959391107006591,10.959391107006592,0.9416874088537485,0.05831259114625157,1,,
yolo11s_zero_shot,1280,common6,coco_small,condition,S2T1,S1T1,0.11638035088890811,True,1,0.0873705179307499,0.029009832958158205,2.9009832958158204,0.24926744709551352,0.7507325529044865,1,,
yolo11s_zero_shot,1280,common6,coco_small,condition,S2T2,S1T1,0.11638035088890811,True,1,0.04346805343246351,0.07291229745644459,7.2912297456444595,0.6265000655140117,0.3734999344859883,1,,
yolo11s_zero_shot,1280,common6,coco_small,condition,S2T3,S1T1,0.11638035088890811,True,1,0.0028297333650063533,0.11355061752390175,11.355061752390174,0.9756854714443377,0.02431452855566229,1,,
yolo11s_zero_shot,1280,common6,coco_small,condition,S3T1,S1T1,0.11638035088890811,True,1,0.1084748047466519,0.007905546142256206,0.7905546142256206,0.06792852987530962,0.9320714701246904,1,,
yolo11s_zero_shot,1280,common6,coco_small,condition,S3T2,S1T1,0.11638035088890811,True,1,0.05865963986562147,0.05772071102328664,5.772071102328664,0.4959661195590006,0.5040338804409994,1,,
yolo11s_zero_shot,1280,common6,coco_small,condition,S3T3,S1T1,0.11638035088890811,True,1,0.003829183648094315,0.1125511672408138,11.255116724081379,0.9670976791284166,0.03290232087158335,1,,
yolo11s_zero_shot,1280,common6,coco_small,matrix9_mean_including_S1T1,aggregate,S1T1,0.11638035088890811,True,9,0.054428423349026894,0.06195192753988121,6.195192753988121,0.5323229141920871,0.46767708580791295,9,,
yolo11s_zero_shot,1280,common6,coco_small,corrupted8_mean_excluding_S1T1,aggregate,S1T1,0.11638035088890811,True,8,0.04668443240654174,0.06969591848236636,6.969591848236637,0.5988632784660979,0.40113672153390206,8,,
yolo11s_zero_shot,1280,common6,coco_small,corrupted8_worst_excluding_S1T1,aggregate,S1T1,0.11638035088890811,True,8,0.0028297333650063533,0.11355061752390175,11.355061752390174,0.9756854714443377,0.02431452855566229,8,,S2T3
yolo11s_zero_shot,1280,common6,large,condition,CLEAN,S1T1,0.6391242494290469,True,1,0.6372978215683142,0.0018264278607327267,0.18264278607327267,0.002857703900868036,0.997142296099132,1,,
yolo11s_zero_shot,1280,common6,large,condition,S1T1,S1T1,0.6391242494290469,True,1,0.6391242494290469,0.0,0.0,0.0,1.0,1,,
yolo11s_zero_shot,1280,common6,large,condition,S1T2,S1T1,0.6391242494290469,True,1,0.5797688374508468,0.059355411978200046,5.9355411978200046,0.09286991071176598,0.907130089288234,1,,
yolo11s_zero_shot,1280,common6,large,condition,S1T3,S1T1,0.6391242494290469,True,1,0.2962973499135435,0.3428268995155034,34.28268995155034,0.536401020336442,0.46359897966355806,1,,
yolo11s_zero_shot,1280,common6,large,condition,S2T1,S1T1,0.6391242494290469,True,1,0.5893837447092685,0.04974050471977842,4.974050471977842,0.07782603267551413,0.9221739673244859,1,,
yolo11s_zero_shot,1280,common6,large,condition,S2T2,S1T1,0.6391242494290469,True,1,0.547613875045259,0.09151037438378784,9.151037438378784,0.1431808830059842,0.8568191169940158,1,,
yolo11s_zero_shot,1280,common6,large,condition,S2T3,S1T1,0.6391242494290469,True,1,0.23511713463975462,0.4040071147892923,40.40071147892923,0.6321260930878567,0.3678739069121432,1,,
yolo11s_zero_shot,1280,common6,large,condition,S3T1,S1T1,0.6391242494290469,True,1,0.596557623303987,0.0425666261250599,4.25666261250599,0.06660148815052191,0.9333985118494781,1,,
yolo11s_zero_shot,1280,common6,large,condition,S3T2,S1T1,0.6391242494290469,True,1,0.5560187769837909,0.08310547244525601,8.310547244525601,0.13003022889445548,0.8699697711055445,1,,
yolo11s_zero_shot,1280,common6,large,condition,S3T3,S1T1,0.6391242494290469,True,1,0.25093735823930574,0.38818689118974115,38.81868911897411,0.6073731227324307,0.3926268772675693,1,,
yolo11s_zero_shot,1280,common6,large,matrix9_mean_including_S1T1,aggregate,S1T1,0.6391242494290469,True,9,0.4767576610794225,0.16236658834962436,16.236658834962437,0.25404541995499685,0.7459545800450031,9,,
yolo11s_zero_shot,1280,common6,large,corrupted8_mean_excluding_S1T1,aggregate,S1T1,0.6391242494290469,True,8,0.4564618375357195,0.18266241189332738,18.26624118933274,0.28580109744937143,0.7141989025506286,8,,
yolo11s_zero_shot,1280,common6,large,corrupted8_worst_excluding_S1T1,aggregate,S1T1,0.6391242494290469,True,8,0.23511713463975462,0.4040071147892923,40.40071147892923,0.6321260930878567,0.3678739069121432,8,,S2T3
yolo11s_zero_shot,1280,common6,medium,condition,CLEAN,S1T1,0.3319475547216797,True,1,0.3328460672845049,-0.0008985125628251933,-0.08985125628251933,-0.0027067907265607705,1.0027067907265608,1,,
yolo11s_zero_shot,1280,common6,medium,condition,S1T1,S1T1,0.3319475547216797,True,1,0.3319475547216797,0.0,0.0,0.0,1.0,1,,
yolo11s_zero_shot,1280,common6,medium,condition,S1T2,S1T1,0.3319475547216797,True,1,0.24876968799131,0.0831778667303697,8.31778667303697,0.25057532597313426,0.7494246740268657,1,,
yolo11s_zero_shot,1280,common6,medium,condition,S1T3,S1T1,0.3319475547216797,True,1,0.0621949045183144,0.2697526502033653,26.97526502033653,0.8126363528405518,0.18736364715944814,1,,
yolo11s_zero_shot,1280,common6,medium,condition,S2T1,S1T1,0.3319475547216797,True,1,0.28327855069138813,0.04866900403029156,4.866900403029156,0.14661654631285936,0.8533834536871406,1,,
yolo11s_zero_shot,1280,common6,medium,condition,S2T2,S1T1,0.3319475547216797,True,1,0.21493225350939896,0.11701530121228074,11.701530121228073,0.3525114119620246,0.6474885880379754,1,,
yolo11s_zero_shot,1280,common6,medium,condition,S2T3,S1T1,0.3319475547216797,True,1,0.04858454816212797,0.2833630065595517,28.33630065595517,0.8536378790231983,0.14636212097680165,1,,
yolo11s_zero_shot,1280,common6,medium,condition,S3T1,S1T1,0.3319475547216797,True,1,0.2955309540078277,0.036416600713852,3.6416600713852,0.10970588635420242,0.8902941136457976,1,,
yolo11s_zero_shot,1280,common6,medium,condition,S3T2,S1T1,0.3319475547216797,True,1,0.2128016824416211,0.1191458722800586,11.91458722800586,0.35892980859568635,0.6410701914043136,1,,
yolo11s_zero_shot,1280,common6,medium,condition,S3T3,S1T1,0.3319475547216797,True,1,0.047911084260533914,0.2840364704611458,28.40364704611458,0.8556667052399142,0.14433329476008583,1,,
yolo11s_zero_shot,1280,common6,medium,matrix9_mean_including_S1T1,aggregate,S1T1,0.3319475547216797,True,9,0.1939945800338002,0.13795297468787948,13.795297468787949,0.4155866573668412,0.5844133426331588,9,,
yolo11s_zero_shot,1280,common6,medium,corrupted8_mean_excluding_S1T1,aggregate,S1T1,0.3319475547216797,True,8,0.17675045819781526,0.15519709652386443,15.519709652386442,0.46753498953769645,0.5324650104623035,8,,
yolo11s_zero_shot,1280,common6,medium,corrupted8_worst_excluding_S1T1,aggregate,S1T1,0.3319475547216797,True,8,0.047911084260533914,0.2840364704611458,28.40364704611458,0.8556667052399142,0.14433329476008583,8,,S3T3
yolo11s_zero_shot,1280,common6,small,condition,CLEAN,S1T1,0.16231353487018374,True,1,0.16078452341339217,0.0015290114567915736,0.15290114567915736,0.009420110639660861,0.9905798893603391,1,,
yolo11s_zero_shot,1280,common6,small,condition,S1T1,S1T1,0.16231353487018374,True,1,0.16231353487018374,0.0,0.0,0.0,1.0,1,,
yolo11s_zero_shot,1280,common6,small,condition,S1T2,S1T1,0.16231353487018374,True,1,0.09423698741420092,0.06807654745598282,6.807654745598282,0.4194138677986994,0.5805861322013006,1,,
yolo11s_zero_shot,1280,common6,small,condition,S1T3,S1T1,0.16231353487018374,True,1,0.01103278939176449,0.15128074547841924,15.128074547841925,0.9320279149820231,0.06797208501797691,1,,
yolo11s_zero_shot,1280,common6,small,condition,S2T1,S1T1,0.16231353487018374,True,1,0.12715464667587292,0.03515888819431082,3.5158888194310816,0.2166109451219237,0.7833890548780763,1,,
yolo11s_zero_shot,1280,common6,small,condition,S2T2,S1T1,0.16231353487018374,True,1,0.06826664867617085,0.09404688619401289,9.404688619401288,0.5794149346154673,0.42058506538453266,1,,
yolo11s_zero_shot,1280,common6,small,condition,S2T3,S1T1,0.16231353487018374,True,1,0.004253722914746116,0.1580598119554376,15.805981195543762,0.9737931718500975,0.026206828149902526,1,,
yolo11s_zero_shot,1280,common6,small,condition,S3T1,S1T1,0.16231353487018374,True,1,0.15144087616586352,0.01087265870432022,1.087265870432022,0.06698553335688262,0.9330144666431174,1,,
yolo11s_zero_shot,1280,common6,small,condition,S3T2,S1T1,0.16231353487018374,True,1,0.0898282157217138,0.07248531914846994,7.2485319148469936,0.44657593839258536,0.5534240616074146,1,,
yolo11s_zero_shot,1280,common6,small,condition,S3T3,S1T1,0.16231353487018374,True,1,0.005704688148912006,0.15660884672127173,15.660884672127173,0.9648538974061864,0.035146102593813525,1,,
yolo11s_zero_shot,1280,common6,small,matrix9_mean_including_S1T1,aggregate,S1T1,0.16231353487018374,True,9,0.0793591233310476,0.08295441153913614,8.295441153913615,0.511075133724874,0.48892486627512605,9,,
yolo11s_zero_shot,1280,common6,small,corrupted8_mean_excluding_S1T1,aggregate,S1T1,0.16231353487018374,True,8,0.06898982188865557,0.09332371298152817,9.332371298152816,0.5749595254404832,0.42504047455951677,8,,
yolo11s_zero_shot,1280,common6,small,corrupted8_worst_excluding_S1T1,aggregate,S1T1,0.16231353487018374,True,8,0.004253722914746116,0.1580598119554376,15.805981195543762,0.9737931718500975,0.026206828149902526,8,,S2T3
yolo11s_zero_shot,1280,common6,tiny,condition,CLEAN,S1T1,0.04895085304052782,True,1,0.048317940544746835,0.0006329124957809851,0.06329124957809851,0.012929549874380664,0.9870704501256193,1,,
yolo11s_zero_shot,1280,common6,tiny,condition,S1T1,S1T1,0.04895085304052782,True,1,0.04895085304052782,0.0,0.0,0.0,1.0,1,,
yolo11s_zero_shot,1280,common6,tiny,condition,S1T2,S1T1,0.04895085304052782,True,1,0.017355823231270728,0.03159502980925709,3.159502980925709,0.64544390642383,0.35455609357617,1,,
yolo11s_zero_shot,1280,common6,tiny,condition,S1T3,S1T1,0.04895085304052782,True,1,0.0003965234221721366,0.048554329618355686,4.855432961835569,0.9918995605277022,0.008100439472297723,1,,
yolo11s_zero_shot,1280,common6,tiny,condition,S2T1,S1T1,0.04895085304052782,True,1,0.027968864395060022,0.020981988645467797,2.09819886454678,0.4286337692235149,0.5713662307764851,1,,
yolo11s_zero_shot,1280,common6,tiny,condition,S2T2,S1T1,0.04895085304052782,True,1,0.008368498143529001,0.04058235489699882,4.058235489699881,0.8290428537251336,0.17095714627486636,1,,
yolo11s_zero_shot,1280,common6,tiny,condition,S2T3,S1T1,0.04895085304052782,True,1,0.0004070611599591132,0.048543791880568704,4.85437918805687,0.9916842887370707,0.00831571126292928,1,,
yolo11s_zero_shot,1280,common6,tiny,condition,S3T1,S1T1,0.04895085304052782,True,1,0.04548938377345944,0.003461469267068383,0.34614692670683833,0.07071315517632615,0.9292868448236739,1,,
yolo11s_zero_shot,1280,common6,tiny,condition,S3T2,S1T1,0.04895085304052782,True,1,0.015818056481248094,0.033132796559279726,3.3132796559279725,0.6768584100433986,0.32314158995660136,1,,
yolo11s_zero_shot,1280,common6,tiny,condition,S3T3,S1T1,0.04895085304052782,True,1,0.00026780100805174245,0.048683052032476075,4.8683052032476075,0.9945291860832328,0.005470813916767136,1,,
yolo11s_zero_shot,1280,common6,tiny,matrix9_mean_including_S1T1,aggregate,S1T1,0.04895085304052782,True,9,0.018335873850586454,0.030614979189941365,3.0614979189941365,0.6254227922155788,0.37457720778442116,9,,
yolo11s_zero_shot,1280,common6,tiny,corrupted8_mean_excluding_S1T1,aggregate,S1T1,0.04895085304052782,True,8,0.014509001451843785,0.034441851588684035,3.4441851588684034,0.7036006412425262,0.29639935875747386,8,,
yolo11s_zero_shot,1280,common6,tiny,corrupted8_worst_excluding_S1T1,aggregate,S1T1,0.04895085304052782,True,8,0.00026780100805174245,0.048683052032476075,4.8683052032476075,0.9945291860832328,0.005470813916767136,8,,S3T3
yolo26n_ft,640,common6,all,condition,CLEAN,S1T1,0.23050931656697124,True,1,0.2306903997625136,-0.00018108319554235863,-0.018108319554235863,-0.000785578640548179,1.0007855786405482,1,,
yolo26n_ft,640,common6,all,condition,S1T1,S1T1,0.23050931656697124,True,1,0.23050931656697124,0.0,0.0,0.0,1.0,1,,
yolo26n_ft,640,common6,all,condition,S1T2,S1T1,0.23050931656697124,True,1,0.20042142593995727,0.030087890627013975,3.0087890627013976,0.13052787225748574,0.8694721277425143,1,,
yolo26n_ft,640,common6,all,condition,S1T3,S1T1,0.23050931656697124,True,1,0.07763637497316198,0.15287294159380926,15.287294159380927,0.6631963682448132,0.33680363175518685,1,,
yolo26n_ft,640,common6,all,condition,S2T1,S1T1,0.23050931656697124,True,1,0.1783887404834775,0.05212057608349374,5.212057608349374,0.2261104967891866,0.7738895032108134,1,,
yolo26n_ft,640,common6,all,condition,S2T2,S1T1,0.23050931656697124,True,1,0.15624970982486908,0.07425960674210216,7.425960674210216,0.32215447014492826,0.6778455298550717,1,,
yolo26n_ft,640,common6,all,condition,S2T3,S1T1,0.23050931656697124,True,1,0.054626632237338206,0.17588268432963303,17.588268432963304,0.7630176816672518,0.2369823183327482,1,,
yolo26n_ft,640,common6,all,condition,S3T1,S1T1,0.23050931656697124,True,1,0.19838217997603408,0.03212713659093716,3.212713659093716,0.13937456875676035,0.8606254312432396,1,,
yolo26n_ft,640,common6,all,condition,S3T2,S1T1,0.23050931656697124,True,1,0.1732467941366328,0.05726252243033844,5.726252243033844,0.24841738842994499,0.751582611570055,1,,
yolo26n_ft,640,common6,all,condition,S3T3,S1T1,0.23050931656697124,True,1,0.05691165947463221,0.17359765709233904,17.359765709233905,0.7531047320679669,0.24689526793203315,1,,
yolo26n_ft,640,common6,all,matrix9_mean_including_S1T1,aggregate,S1T1,0.23050931656697124,True,9,0.1473747592903416,0.08313455727662963,8.313455727662964,0.36065595315092636,0.6393440468490736,9,,
yolo26n_ft,640,common6,all,corrupted8_mean_excluding_S1T1,aggregate,S1T1,0.23050931656697124,True,8,0.13698293963076288,0.09352637693620836,9.352637693620835,0.4057379472947923,0.5942620527052077,8,,
yolo26n_ft,640,common6,all,corrupted8_worst_excluding_S1T1,aggregate,S1T1,0.23050931656697124,True,8,0.054626632237338206,0.17588268432963303,17.588268432963304,0.7630176816672518,0.2369823183327482,8,,S2T3
yolo26n_ft,640,common6,coco_small,condition,CLEAN,S1T1,0.11750905423051944,True,1,0.11728933479442391,0.0002197194360955279,0.02197194360955279,0.0018698085652574248,0.9981301914347426,1,,
yolo26n_ft,640,common6,coco_small,condition,S1T1,S1T1,0.11750905423051944,True,1,0.11750905423051944,0.0,0.0,0.0,1.0,1,,
yolo26n_ft,640,common6,coco_small,condition,S1T2,S1T1,0.11750905423051944,True,1,0.09309689750033712,0.02441215673018232,2.441215673018232,0.20774702758046704,0.792252972419533,1,,
yolo26n_ft,640,common6,coco_small,condition,S1T3,S1T1,0.11750905423051944,True,1,0.014179602256446546,0.1033294519740729,10.33294519740729,0.8793318323485935,0.12066816765140657,1,,
yolo26n_ft,640,common6,coco_small,condition,S2T1,S1T1,0.11750905423051944,True,1,0.084914842578363,0.03259421165215644,3.259421165215644,0.2773761721221569,0.7226238278778431,1,,
yolo26n_ft,640,common6,coco_small,condition,S2T2,S1T1,0.11750905423051944,True,1,0.06330381677439682,0.054205237456122615,5.420523745612262,0.4612856244233513,0.5387143755766487,1,,
yolo26n_ft,640,common6,coco_small,condition,S2T3,S1T1,0.11750905423051944,True,1,0.007536057809695259,0.10997299642082418,10.99729964208242,0.9358682796058281,0.06413172039417193,1,,
yolo26n_ft,640,common6,coco_small,condition,S3T1,S1T1,0.11750905423051944,True,1,0.10243847850500205,0.015070575725517385,1.5070575725517386,0.12825033631836735,0.8717496636816326,1,,
yolo26n_ft,640,common6,coco_small,condition,S3T2,S1T1,0.11750905423051944,True,1,0.07853072955715529,0.03897832467336415,3.897832467336415,0.33170486247723285,0.6682951375227671,1,,
yolo26n_ft,640,common6,coco_small,condition,S3T3,S1T1,0.11750905423051944,True,1,0.009354336409351594,0.10815471782116784,10.815471782116784,0.9203947604667038,0.07960523953329621,1,,
yolo26n_ft,640,common6,coco_small,matrix9_mean_including_S1T1,aggregate,S1T1,0.11750905423051944,True,9,0.06342931284680746,0.05407974138371198,5.407974138371198,0.4602176550380779,0.5397823449619221,9,,
yolo26n_ft,640,common6,coco_small,corrupted8_mean_excluding_S1T1,aggregate,S1T1,0.11750905423051944,True,8,0.05666934517384346,0.060839709056675975,6.083970905667598,0.5177448619178375,0.4822551380821624,8,,
yolo26n_ft,640,common6,coco_small,corrupted8_worst_excluding_S1T1,aggregate,S1T1,0.11750905423051944,True,8,0.007536057809695259,0.10997299642082418,10.99729964208242,0.9358682796058281,0.06413172039417193,8,,S2T3
yolo26n_ft,640,common6,large,condition,CLEAN,S1T1,0.5026787018727048,True,1,0.5006067092570533,0.0020719926156514967,0.20719926156514967,0.004121902535222599,0.9958780974647774,1,,
yolo26n_ft,640,common6,large,condition,S1T1,S1T1,0.5026787018727048,True,1,0.5026787018727048,0.0,0.0,0.0,1.0,1,,
yolo26n_ft,640,common6,large,condition,S1T2,S1T1,0.5026787018727048,True,1,0.504799673212146,-0.0021209713394412244,-0.21209713394412244,-0.0042193379817756504,1.0042193379817757,1,,
yolo26n_ft,640,common6,large,condition,S1T3,S1T1,0.5026787018727048,True,1,0.34895440071701955,0.15372430115568525,15.372430115568525,0.30581025331487677,0.6941897466851232,1,,
yolo26n_ft,640,common6,large,condition,S2T1,S1T1,0.5026787018727048,True,1,0.4176268161227688,0.085051885749936,8.5051885749936,0.16919731318052544,0.8308026868194746,1,,
yolo26n_ft,640,common6,large,condition,S2T2,S1T1,0.5026787018727048,True,1,0.43875537599303677,0.06392332587966804,6.392332587966804,0.12716537550034412,0.8728346244996559,1,,
yolo26n_ft,640,common6,large,condition,S2T3,S1T1,0.5026787018727048,True,1,0.2513799395648865,0.2512987623078183,25.12987623078183,0.49991925532475734,0.5000807446752427,1,,
yolo26n_ft,640,common6,large,condition,S3T1,S1T1,0.5026787018727048,True,1,0.4512904368786889,0.051388264994015886,5.138826499401588,0.10222884877073846,0.8977711512292615,1,,
yolo26n_ft,640,common6,large,condition,S3T2,S1T1,0.5026787018727048,True,1,0.4333545081351882,0.06932419373751658,6.932419373751658,0.13790955033354846,0.8620904496664515,1,,
yolo26n_ft,640,common6,large,condition,S3T3,S1T1,0.5026787018727048,True,1,0.26542300204928915,0.23725569982341566,23.725569982341565,0.4719827972411228,0.5280172027588772,1,,
yolo26n_ft,640,common6,large,matrix9_mean_including_S1T1,aggregate,S1T1,0.5026787018727048,True,9,0.4015847616161921,0.1010939402565127,10.10939402565127,0.20111045063157085,0.7988895493684292,9,,
yolo26n_ft,640,common6,large,corrupted8_mean_excluding_S1T1,aggregate,S1T1,0.5026787018727048,True,8,0.388948019084128,0.11373068278857679,11.373068278857678,0.22624925696051712,0.7737507430394829,8,,
yolo26n_ft,640,common6,large,corrupted8_worst_excluding_S1T1,aggregate,S1T1,0.5026787018727048,True,8,0.2513799395648865,0.2512987623078183,25.12987623078183,0.49991925532475734,0.5000807446752427,8,,S2T3
yolo26n_ft,640,common6,medium,condition,CLEAN,S1T1,0.3451270419920802,True,1,0.34516483489676647,-3.7792904686251294e-05,-0.0037792904686251294,-0.0001095043276473362,1.0001095043276473,1,,
yolo26n_ft,640,common6,medium,condition,S1T1,S1T1,0.3451270419920802,True,1,0.3451270419920802,0.0,0.0,0.0,1.0,1,,
yolo26n_ft,640,common6,medium,condition,S1T2,S1T1,0.3451270419920802,True,1,0.3056539689332702,0.03947307305881004,3.9473073058810035,0.11437258822423957,0.8856274117757604,1,,
yolo26n_ft,640,common6,medium,condition,S1T3,S1T1,0.3451270419920802,True,1,0.12170737868127258,0.22341966331080765,22.341966331080766,0.647354846555126,0.35264515344487396,1,,
yolo26n_ft,640,common6,medium,condition,S2T1,S1T1,0.3451270419920802,True,1,0.27012837224904995,0.07499866974303027,7.499866974303027,0.2173074277522168,0.7826925722477832,1,,
yolo26n_ft,640,common6,medium,condition,S2T2,S1T1,0.3451270419920802,True,1,0.24532348322450004,0.09980355876758018,9.980355876758018,0.2891791909191237,0.7108208090808763,1,,
yolo26n_ft,640,common6,medium,condition,S2T3,S1T1,0.3451270419920802,True,1,0.08169607503298824,0.26343096695909196,26.343096695909196,0.7632869491725804,0.23671305082741953,1,,
yolo26n_ft,640,common6,medium,condition,S3T1,S1T1,0.3451270419920802,True,1,0.2886832937331012,0.05644374825897902,5.644374825897902,0.16354484404694736,0.8364551559530526,1,,
yolo26n_ft,640,common6,medium,condition,S3T2,S1T1,0.3451270419920802,True,1,0.2638150167515251,0.08131202524055514,8.131202524055514,0.23560027279004425,0.7643997272099557,1,,
yolo26n_ft,640,common6,medium,condition,S3T3,S1T1,0.3451270419920802,True,1,0.08980674312323521,0.255320298868845,25.5320298868845,0.7397864200820983,0.2602135799179018,1,,
yolo26n_ft,640,common6,medium,matrix9_mean_including_S1T1,aggregate,S1T1,0.3451270419920802,True,9,0.2235490415245581,0.12157800046752212,12.157800046752213,0.3522702821713751,0.6477297178286249,9,,
yolo26n_ft,640,common6,medium,corrupted8_mean_excluding_S1T1,aggregate,S1T1,0.3451270419920802,True,8,0.20835179146611782,0.1367752505259624,13.67752505259624,0.396304067442797,0.603695932557203,8,,
yolo26n_ft,640,common6,medium,corrupted8_worst_excluding_S1T1,aggregate,S1T1,0.3451270419920802,True,8,0.08169607503298824,0.26343096695909196,26.343096695909196,0.7632869491725804,0.23671305082741953,8,,S2T3
yolo26n_ft,640,common6,small,condition,CLEAN,S1T1,0.1603910139218825,True,1,0.1600832498827635,0.00030776403911900174,0.030776403911900174,0.0019188359222475082,0.9980811640777525,1,,
yolo26n_ft,640,common6,small,condition,S1T1,S1T1,0.1603910139218825,True,1,0.1603910139218825,0.0,0.0,0.0,1.0,1,,
yolo26n_ft,640,common6,small,condition,S1T2,S1T1,0.1603910139218825,True,1,0.1305671206326641,0.029823893289218417,2.9823893289218417,0.1859449139946454,0.8140550860053546,1,,
yolo26n_ft,640,common6,small,condition,S1T3,S1T1,0.1603910139218825,True,1,0.02137201127482926,0.13901900264705325,13.901900264705326,0.866750569422559,0.133249430577441,1,,
yolo26n_ft,640,common6,small,condition,S2T1,S1T1,0.1603910139218825,True,1,0.11700847368461344,0.04338254023726908,4.338254023726908,0.2704798677711351,0.7295201322288649,1,,
yolo26n_ft,640,common6,small,condition,S2T2,S1T1,0.1603910139218825,True,1,0.09069857423839135,0.06969243968349116,6.969243968349116,0.43451586207587944,0.5654841379241206,1,,
yolo26n_ft,640,common6,small,condition,S2T3,S1T1,0.1603910139218825,True,1,0.011129757104206146,0.14926125681767638,14.926125681767639,0.9306085993718649,0.06939140062813512,1,,
yolo26n_ft,640,common6,small,condition,S3T1,S1T1,0.1603910139218825,True,1,0.13843045163832413,0.021960562283558388,2.1960562283558387,0.13691890678023988,0.8630810932197601,1,,
yolo26n_ft,640,common6,small,condition,S3T2,S1T1,0.1603910139218825,True,1,0.10974257291020127,0.05064844101168124,5.0648441011681244,0.3157810389324508,0.6842189610675492,1,,
yolo26n_ft,640,common6,small,condition,S3T3,S1T1,0.1603910139218825,True,1,0.013758769905362964,0.14663224401651956,14.663224401651956,0.914217326962818,0.08578267303718207,1,,
yolo26n_ft,640,common6,small,matrix9_mean_including_S1T1,aggregate,S1T1,0.1603910139218825,True,9,0.08812208281227502,0.0722689311096075,7.2268931109607495,0.45057967614573247,0.5494203238542675,9,,
yolo26n_ft,640,common6,small,corrupted8_mean_excluding_S1T1,aggregate,S1T1,0.1603910139218825,True,8,0.07908846642357409,0.08130254749830843,8.130254749830842,0.506902135663949,0.49309786433605096,8,,
yolo26n_ft,640,common6,small,corrupted8_worst_excluding_S1T1,aggregate,S1T1,0.1603910139218825,True,8,0.011129757104206146,0.14926125681767638,14.926125681767639,0.9306085993718649,0.06939140062813512,8,,S2T3
yolo26n_ft,640,common6,tiny,condition,CLEAN,S1T1,0.05612470170212065,True,1,0.05705288443005425,-0.000928182727933595,-0.0928182727933595,-0.01653786478652286,1.0165378647865229,1,,
yolo26n_ft,640,common6,tiny,condition,S1T1,S1T1,0.05612470170212065,True,1,0.05612470170212065,0.0,0.0,0.0,1.0,1,,
yolo26n_ft,640,common6,tiny,condition,S1T2,S1T1,0.05612470170212065,True,1,0.03787624443085353,0.018248457271267123,1.8248457271267122,0.32514127857854813,0.6748587214214519,1,,
yolo26n_ft,640,common6,tiny,condition,S1T3,S1T1,0.05612470170212065,True,1,0.002884186728211586,0.05324051497390907,5.324051497390907,0.9486110991997913,0.05138890080020876,1,,
yolo26n_ft,640,common6,tiny,condition,S2T1,S1T1,0.05612470170212065,True,1,0.03650337609930584,0.019621325602814814,1.9621325602814814,0.3496023142707132,0.6503976857292868,1,,
yolo26n_ft,640,common6,tiny,condition,S2T2,S1T1,0.05612470170212065,True,1,0.024881105942623008,0.031243595759497644,3.1243595759497644,0.556681725015157,0.443318274984843,1,,
yolo26n_ft,640,common6,tiny,condition,S2T3,S1T1,0.05612470170212065,True,1,0.001257480972043901,0.05486722073007675,5.486722073007675,0.977594874735942,0.02240512526405797,1,,
yolo26n_ft,640,common6,tiny,condition,S3T1,S1T1,0.05612470170212065,True,1,0.04968344082394382,0.006441260878176834,0.6441260878176834,0.11476695078690202,0.885233049213098,1,,
yolo26n_ft,640,common6,tiny,condition,S3T2,S1T1,0.05612470170212065,True,1,0.03223859266552497,0.02388610903659568,2.388610903659568,0.4255899508093627,0.5744100491906373,1,,
yolo26n_ft,640,common6,tiny,condition,S3T3,S1T1,0.05612470170212065,True,1,0.0017501821872822653,0.05437451951483839,5.437451951483839,0.9688161872722054,0.0311838127277946,1,,
yolo26n_ft,640,common6,tiny,matrix9_mean_including_S1T1,aggregate,S1T1,0.05612470170212065,True,9,0.027022145727989954,0.0291025559741307,2.91025559741307,0.5185338200742913,0.4814661799257087,9,,
yolo26n_ft,640,common6,tiny,corrupted8_mean_excluding_S1T1,aggregate,S1T1,0.05612470170212065,True,8,0.023384326231223614,0.03274037547089704,3.274037547089704,0.5833505475835777,0.41664945241642226,8,,
yolo26n_ft,640,common6,tiny,corrupted8_worst_excluding_S1T1,aggregate,S1T1,0.05612470170212065,True,8,0.001257480972043901,0.05486722073007675,5.486722073007675,0.977594874735942,0.02240512526405797,8,,S2T3
yolo26n_ft,640,native10,all,condition,CLEAN,S1T1,0.19151309012391263,True,1,0.19120943141890143,0.0003036587050112005,0.03036587050112005,0.001585576760391283,0.9984144232396087,1,,
yolo26n_ft,640,native10,all,condition,S1T1,S1T1,0.19151309012391263,True,1,0.19151309012391263,0.0,0.0,0.0,1.0,1,,
yolo26n_ft,640,native10,all,condition,S1T2,S1T1,0.19151309012391263,True,1,0.16595430794424754,0.02555878217966509,2.555878217966509,0.1334571029224586,0.8665428970775414,1,,
yolo26n_ft,640,native10,all,condition,S1T3,S1T1,0.19151309012391263,True,1,0.05765243088062762,0.133860659243285,13.3860659243285,0.6989634972558514,0.30103650274414867,1,,
yolo26n_ft,640,native10,all,condition,S2T1,S1T1,0.19151309012391263,True,1,0.1453403130635714,0.04617277706034123,4.617277706034123,0.24109462716343077,0.7589053728365692,1,,
yolo26n_ft,640,native10,all,condition,S2T2,S1T1,0.19151309012391263,True,1,0.12403872480009658,0.06747436532381605,6.747436532381605,0.3523224719530077,0.6476775280469923,1,,
yolo26n_ft,640,native10,all,condition,S2T3,S1T1,0.19151309012391263,True,1,0.03812055328413771,0.1533925368397749,15.339253683977491,0.8009506647327711,0.1990493352672289,1,,
yolo26n_ft,640,native10,all,condition,S3T1,S1T1,0.19151309012391263,True,1,0.16316265100756858,0.02835043911634405,2.835043911634405,0.1480339495227233,0.8519660504772767,1,,
yolo26n_ft,640,native10,all,condition,S3T2,S1T1,0.19151309012391263,True,1,0.14107114002662322,0.05044195009728941,5.044195009728941,0.26338643517606297,0.736613564823937,1,,
yolo26n_ft,640,native10,all,condition,S3T3,S1T1,0.19151309012391263,True,1,0.042661340841127236,0.14885174928278538,14.885174928278538,0.7772406010809781,0.22275939891902186,1,,
yolo26n_ft,640,native10,all,matrix9_mean_including_S1T1,aggregate,S1T1,0.19151309012391263,True,9,0.11883495021910138,0.07267813990481124,7.267813990481124,0.3794943722008094,0.6205056277991906,9,,
yolo26n_ft,640,native10,all,corrupted8_mean_excluding_S1T1,aggregate,S1T1,0.19151309012391263,True,8,0.10975018273099998,0.08176290739291264,8.176290739291264,0.4269311687259105,0.5730688312740895,8,,
yolo26n_ft,640,native10,all,corrupted8_worst_excluding_S1T1,aggregate,S1T1,0.19151309012391263,True,8,0.03812055328413771,0.1533925368397749,15.339253683977491,0.8009506647327711,0.1990493352672289,8,,S2T3
yolo26n_ft,640,native10,coco_small,condition,CLEAN,S1T1,0.1035607600302184,True,1,0.1029315649513486,0.0006291950788697986,0.06291950788697986,0.006075612796644259,0.9939243872033557,1,,
yolo26n_ft,640,native10,coco_small,condition,S1T1,S1T1,0.1035607600302184,True,1,0.1035607600302184,0.0,0.0,0.0,1.0,1,,
yolo26n_ft,640,native10,coco_small,condition,S1T2,S1T1,0.1035607600302184,True,1,0.07979897956239118,0.023761780467827218,2.3761780467827216,0.22944772190638307,0.7705522780936169,1,,
yolo26n_ft,640,native10,coco_small,condition,S1T3,S1T1,0.1035607600302184,True,1,0.011351050681048453,0.09220970934916994,9.220970934916995,0.8903923582857418,0.10960764171425824,1,,
yolo26n_ft,640,native10,coco_small,condition,S2T1,S1T1,0.1035607600302184,True,1,0.0739459671724528,0.029614792857765596,2.9614792857765595,0.2859653873641347,0.7140346126358653,1,,
yolo26n_ft,640,native10,coco_small,condition,S2T2,S1T1,0.1035607600302184,True,1,0.05187534426451039,0.05168541576570801,5.168541576570801,0.4990830093427908,0.5009169906572092,1,,
yolo26n_ft,640,native10,coco_small,condition,S2T3,S1T1,0.1035607600302184,True,1,0.005593517798245484,0.09796724223197291,9.796724223197291,0.9459880576715222,0.05401194232847779,1,,
yolo26n_ft,640,native10,coco_small,condition,S3T1,S1T1,0.1035607600302184,True,1,0.08777363467589612,0.01578712535432228,1.5787125354322278,0.1524431198623465,0.8475568801376535,1,,
yolo26n_ft,640,native10,coco_small,condition,S3T2,S1T1,0.1035607600302184,True,1,0.06720213577239294,0.03635862425782546,3.635862425782546,0.35108495000631745,0.6489150499936825,1,,
yolo26n_ft,640,native10,coco_small,condition,S3T3,S1T1,0.1035607600302184,True,1,0.007292505511025049,0.09626825451919335,9.626825451919336,0.9295823484793165,0.07041765152068351,1,,
yolo26n_ft,640,native10,coco_small,matrix9_mean_including_S1T1,aggregate,S1T1,0.1035607600302184,True,9,0.054265988385353424,0.049294771644864975,4.929477164486498,0.4759985503242836,0.5240014496757164,9,,
yolo26n_ft,640,native10,coco_small,corrupted8_mean_excluding_S1T1,aggregate,S1T1,0.1035607600302184,True,8,0.048104141929745305,0.055456618100473094,5.545661810047309,0.5354983691148191,0.4645016308851809,8,,
yolo26n_ft,640,native10,coco_small,corrupted8_worst_excluding_S1T1,aggregate,S1T1,0.1035607600302184,True,8,0.005593517798245484,0.09796724223197291,9.796724223197291,0.9459880576715222,0.05401194232847779,8,,S2T3
yolo26n_ft,640,native10,large,condition,CLEAN,S1T1,0.4221514675046153,True,1,0.4219167377028279,0.00023472980178740332,0.023472980178740332,0.0005560321824176206,0.9994439678175824,1,,
yolo26n_ft,640,native10,large,condition,S1T1,S1T1,0.4221514675046153,True,1,0.4221514675046153,0.0,0.0,0.0,1.0,1,,
yolo26n_ft,640,native10,large,condition,S1T2,S1T1,0.4221514675046153,True,1,0.42229287628238926,-0.00014140877777396588,-0.014140877777396588,-0.0003349716598401997,1.0003349716598402,1,,
yolo26n_ft,640,native10,large,condition,S1T3,S1T1,0.4221514675046153,True,1,0.28068553353505066,0.14146593396956464,14.146593396956463,0.3351070524657551,0.6648929475342449,1,,
yolo26n_ft,640,native10,large,condition,S2T1,S1T1,0.4221514675046153,True,1,0.33048896426819246,0.09166250323642283,9.166250323642283,0.21713178868771954,0.7828682113122805,1,,
yolo26n_ft,640,native10,large,condition,S2T2,S1T1,0.4221514675046153,True,1,0.3325779284882391,0.08957353901637621,8.957353901637621,0.21218341261693452,0.7878165873830655,1,,
yolo26n_ft,640,native10,large,condition,S2T3,S1T1,0.4221514675046153,True,1,0.17763089909077256,0.24452056841384273,24.452056841384273,0.5792247267532463,0.4207752732467537,1,,
yolo26n_ft,640,native10,large,condition,S3T1,S1T1,0.4221514675046153,True,1,0.38442295443531777,0.03772851306929753,3.772851306929753,0.08937198132299529,0.9106280186770047,1,,
yolo26n_ft,640,native10,large,condition,S3T2,S1T1,0.4221514675046153,True,1,0.36194785538154933,0.060203612123065964,6.020361212306597,0.1426114007821322,0.8573885992178678,1,,
yolo26n_ft,640,native10,large,condition,S3T3,S1T1,0.4221514675046153,True,1,0.20198628590343462,0.22016518160118068,22.016518160118068,0.5215312477831755,0.4784687522168245,1,,
yolo26n_ft,640,native10,large,matrix9_mean_including_S1T1,aggregate,S1T1,0.4221514675046153,True,9,0.32379830720995123,0.09835316029466407,9.835316029466407,0.2329807376391243,0.7670192623608757,9,,
yolo26n_ft,640,native10,large,corrupted8_mean_excluding_S1T1,aggregate,S1T1,0.4221514675046153,True,8,0.3115041621731182,0.11064730533149708,11.064730533149708,0.26210332984401485,0.7378966701559851,8,,
yolo26n_ft,640,native10,large,corrupted8_worst_excluding_S1T1,aggregate,S1T1,0.4221514675046153,True,8,0.17763089909077256,0.24452056841384273,24.452056841384273,0.5792247267532463,0.4207752732467537,8,,S2T3
yolo26n_ft,640,native10,medium,condition,CLEAN,S1T1,0.28543259788433506,True,1,0.284847189788828,0.0005854080955070562,0.05854080955070562,0.002050950381442651,0.9979490496185573,1,,
yolo26n_ft,640,native10,medium,condition,S1T1,S1T1,0.28543259788433506,True,1,0.28543259788433506,0.0,0.0,0.0,1.0,1,,
yolo26n_ft,640,native10,medium,condition,S1T2,S1T1,0.28543259788433506,True,1,0.25854346133520956,0.026889136549125503,2.6889136549125503,0.094204855186238,0.905795144813762,1,,
yolo26n_ft,640,native10,medium,condition,S1T3,S1T1,0.28543259788433506,True,1,0.09293514780233847,0.1924974500819966,19.24974500819966,0.674405977133704,0.325594022866296,1,,
yolo26n_ft,640,native10,medium,condition,S2T1,S1T1,0.28543259788433506,True,1,0.2179769692874034,0.06745562859693166,6.745562859693166,0.23632769731601044,0.7636723026839896,1,,
yolo26n_ft,640,native10,medium,condition,S2T2,S1T1,0.28543259788433506,True,1,0.19864819919403218,0.08678439869030288,8.678439869030289,0.3040451557865519,0.6959548442134481,1,,
yolo26n_ft,640,native10,medium,condition,S2T3,S1T1,0.28543259788433506,True,1,0.05936238478464027,0.2260702130996948,22.60702130996948,0.7920266107492897,0.20797338925071024,1,,
yolo26n_ft,640,native10,medium,condition,S3T1,S1T1,0.28543259788433506,True,1,0.23683958090998955,0.04859301697434551,4.859301697434551,0.17024340364248336,0.8297565963575166,1,,
yolo26n_ft,640,native10,medium,condition,S3T2,S1T1,0.28543259788433506,True,1,0.21601193562303958,0.06942066226129548,6.942066226129548,0.24321210252735947,0.7567878974726405,1,,
yolo26n_ft,640,native10,medium,condition,S3T3,S1T1,0.28543259788433506,True,1,0.06893251305662915,0.2165000848277059,21.65000848277059,0.7584981057960225,0.24150189420397752,1,,
yolo26n_ft,640,native10,medium,matrix9_mean_including_S1T1,aggregate,S1T1,0.28543259788433506,True,9,0.18163142109751304,0.10380117678682202,10.380117678682202,0.36366265645973994,0.6363373435402601,9,,
yolo26n_ft,640,native10,medium,corrupted8_mean_excluding_S1T1,aggregate,S1T1,0.28543259788433506,True,8,0.16865627399916028,0.11677632388517478,11.677632388517479,0.4091204885172074,0.5908795114827926,8,,
yolo26n_ft,640,native10,medium,corrupted8_worst_excluding_S1T1,aggregate,S1T1,0.28543259788433506,True,8,0.05936238478464027,0.2260702130996948,22.60702130996948,0.7920266107492897,0.20797338925071024,8,,S2T3
yolo26n_ft,640,native10,small,condition,CLEAN,S1T1,0.13714578846461906,True,1,0.13656328165393683,0.0005825068106822262,0.05825068106822262,0.004247354710658846,0.9957526452893412,1,,
yolo26n_ft,640,native10,small,condition,S1T1,S1T1,0.13714578846461906,True,1,0.13714578846461906,0.0,0.0,0.0,1.0,1,,
yolo26n_ft,640,native10,small,condition,S1T2,S1T1,0.13714578846461906,True,1,0.11042925291716128,0.026716535547457773,2.6716535547457774,0.1948039079183982,0.8051960920816018,1,,
yolo26n_ft,640,native10,small,condition,S1T3,S1T1,0.13714578846461906,True,1,0.016929458398589545,0.12021633006602951,12.02163300660295,0.876558670972554,0.12344132902744596,1,,
yolo26n_ft,640,native10,small,condition,S2T1,S1T1,0.13714578846461906,True,1,0.09828443620989268,0.03886135225472638,3.8861352254726382,0.2833579703014494,0.7166420296985506,1,,
yolo26n_ft,640,native10,small,condition,S2T2,S1T1,0.13714578846461906,True,1,0.07337162654415834,0.06377416192046072,6.377416192046072,0.46500999144361777,0.5349900085563822,1,,
yolo26n_ft,640,native10,small,condition,S2T3,S1T1,0.13714578846461906,True,1,0.008261803446530477,0.12888398501808856,12.888398501808856,0.9397589708074641,0.060241029192535954,1,,
yolo26n_ft,640,native10,small,condition,S3T1,S1T1,0.13714578846461906,True,1,0.11579888059065446,0.021346907873964593,2.134690787396459,0.1556512096576096,0.8443487903423904,1,,
yolo26n_ft,640,native10,small,condition,S3T2,S1T1,0.13714578846461906,True,1,0.09236725002896683,0.04477853843565223,4.477853843565223,0.3265031973417414,0.6734968026582586,1,,
yolo26n_ft,640,native10,small,condition,S3T3,S1T1,0.13714578846461906,True,1,0.010662576462607003,0.12648321200201204,12.648321200201204,0.9222537083932567,0.07774629160674329,1,,
yolo26n_ft,640,native10,small,matrix9_mean_including_S1T1,aggregate,S1T1,0.13714578846461906,True,9,0.07369456367368662,0.06345122479093243,6.345122479093243,0.4626552918706768,0.5373447081293232,9,,
yolo26n_ft,640,native10,small,corrupted8_mean_excluding_S1T1,aggregate,S1T1,0.13714578846461906,True,8,0.06576316057482008,0.07138262788979897,7.1382627889798975,0.5204872033545114,0.4795127966454887,8,,
yolo26n_ft,640,native10,small,corrupted8_worst_excluding_S1T1,aggregate,S1T1,0.13714578846461906,True,8,0.008261803446530477,0.12888398501808856,12.888398501808856,0.9397589708074641,0.060241029192535954,8,,S2T3
yolo26n_ft,640,native10,tiny,condition,CLEAN,S1T1,0.055474045651371144,True,1,0.05456271564140415,0.0009113300099669944,0.09113300099669944,0.016428043047270857,0.9835719569527291,1,,
yolo26n_ft,640,native10,tiny,condition,S1T1,S1T1,0.055474045651371144,True,1,0.055474045651371144,0.0,0.0,0.0,1.0,1,,
yolo26n_ft,640,native10,tiny,condition,S1T2,S1T1,0.055474045651371144,True,1,0.034381931639826856,0.02109211401154429,2.109211401154429,0.3802158967113832,0.6197841032886168,1,,
yolo26n_ft,640,native10,tiny,condition,S1T3,S1T1,0.055474045651371144,True,1,0.0021674372058828255,0.05330660844548832,5.330660844548832,0.9609288058869156,0.039071194113084365,1,,
yolo26n_ft,640,native10,tiny,condition,S2T1,S1T1,0.055474045651371144,True,1,0.03878398101385325,0.016690064637517897,1.6690064637517896,0.30086258252025233,0.6991374174797477,1,,
yolo26n_ft,640,native10,tiny,condition,S2T2,S1T1,0.055474045651371144,True,1,0.021145516909389525,0.03432852874198162,3.432852874198162,0.6188214387268711,0.3811785612731289,1,,
yolo26n_ft,640,native10,tiny,condition,S2T3,S1T1,0.055474045651371144,True,1,0.0009347358348080707,0.054539309816563075,5.453930981656308,0.9831500330680323,0.016849966931967705,1,,
yolo26n_ft,640,native10,tiny,condition,S3T1,S1T1,0.055474045651371144,True,1,0.04740716284733077,0.008066882804040373,0.8066882804040374,0.14541724349323681,0.8545827565067632,1,,
yolo26n_ft,640,native10,tiny,condition,S3T2,S1T1,0.055474045651371144,True,1,0.029236599567466756,0.026237446083904388,2.6237446083904388,0.472967957822919,0.527032042177081,1,,
yolo26n_ft,640,native10,tiny,condition,S3T3,S1T1,0.055474045651371144,True,1,0.0015760100034669458,0.0538980356479042,5.38980356479042,0.9715901376046837,0.028409862395316246,1,,
yolo26n_ft,640,native10,tiny,matrix9_mean_including_S1T1,aggregate,S1T1,0.055474045651371144,True,9,0.025678602297044016,0.029795443354327128,2.979544335432713,0.5371060106482549,0.4628939893517451,9,,
yolo26n_ft,640,native10,tiny,corrupted8_mean_excluding_S1T1,aggregate,S1T1,0.055474045651371144,True,8,0.021954171877753125,0.03351987377361802,3.351987377361802,0.6042442619792867,0.39575573802071323,8,,
yolo26n_ft,640,native10,tiny,corrupted8_worst_excluding_S1T1,aggregate,S1T1,0.055474045651371144,True,8,0.0009347358348080707,0.054539309816563075,5.453930981656308,0.9831500330680323,0.016849966931967705,8,,S2T3
yolo26n_zero_shot,640,common6,all,condition,CLEAN,S1T1,0.0953034557138282,True,1,0.09549178358372593,-0.00018832786989772532,-0.018832786989772532,-0.0019760864754287955,1.0019760864754288,1,,
yolo26n_zero_shot,640,common6,all,condition,S1T1,S1T1,0.0953034557138282,True,1,0.0953034557138282,0.0,0.0,0.0,1.0,1,,
yolo26n_zero_shot,640,common6,all,condition,S1T2,S1T1,0.0953034557138282,True,1,0.08575532571619619,0.009548129997632007,0.9548129997632007,0.10018660840906535,0.8998133915909347,1,,
yolo26n_zero_shot,640,common6,all,condition,S1T3,S1T1,0.0953034557138282,True,1,0.03948293423209426,0.05582052148173394,5.5820521481733945,0.5857135091653826,0.41428649083461744,1,,
yolo26n_zero_shot,640,common6,all,condition,S2T1,S1T1,0.0953034557138282,True,1,0.07615305402000384,0.019150401693824357,1.9150401693824357,0.20094131477591004,0.79905868522409,1,,
yolo26n_zero_shot,640,common6,all,condition,S2T2,S1T1,0.0953034557138282,True,1,0.06670899340550487,0.028594462308323326,2.8594462308323325,0.30003594407095957,0.6999640559290404,1,,
yolo26n_zero_shot,640,common6,all,condition,S2T3,S1T1,0.0953034557138282,True,1,0.029752214243675624,0.06555124147015258,6.555124147015258,0.6878159976379673,0.3121840023620327,1,,
yolo26n_zero_shot,640,common6,all,condition,S3T1,S1T1,0.0953034557138282,True,1,0.08486731686496911,0.010436138848859092,1.0436138848859091,0.10950430675038836,0.8904956932496116,1,,
yolo26n_zero_shot,640,common6,all,condition,S3T2,S1T1,0.0953034557138282,True,1,0.07512761943395721,0.02017583627987099,2.017583627987099,0.21170099372318507,0.7882990062768149,1,,
yolo26n_zero_shot,640,common6,all,condition,S3T3,S1T1,0.0953034557138282,True,1,0.032260787455101116,0.06304266825872709,6.304266825872709,0.6614940432803196,0.3385059567196805,1,,
yolo26n_zero_shot,640,common6,all,matrix9_mean_including_S1T1,aggregate,S1T1,0.0953034557138282,True,9,0.06504574456503671,0.030257711148791486,3.0257711148791486,0.31748807975701976,0.6825119202429802,9,,
yolo26n_zero_shot,640,common6,all,corrupted8_mean_excluding_S1T1,aggregate,S1T1,0.0953034557138282,True,8,0.06126353067143778,0.03403992504239042,3.403992504239042,0.3571740897266472,0.6428259102733528,8,,
yolo26n_zero_shot,640,common6,all,corrupted8_worst_excluding_S1T1,aggregate,S1T1,0.0953034557138282,True,8,0.029752214243675624,0.06555124147015258,6.555124147015258,0.6878159976379673,0.3121840023620327,8,,S2T3
yolo26n_zero_shot,640,common6,coco_small,condition,CLEAN,S1T1,0.030086578863397936,True,1,0.02980030537679798,0.00028627348659995486,0.028627348659995486,0.009514989653683248,0.9904850103463168,1,,
yolo26n_zero_shot,640,common6,coco_small,condition,S1T1,S1T1,0.030086578863397936,True,1,0.030086578863397936,0.0,0.0,0.0,1.0,1,,
yolo26n_zero_shot,640,common6,coco_small,condition,S1T2,S1T1,0.030086578863397936,True,1,0.021470634403582985,0.00861594445981495,0.861594445981495,0.28637169081050773,0.7136283091894923,1,,
yolo26n_zero_shot,640,common6,coco_small,condition,S1T3,S1T1,0.030086578863397936,True,1,0.003749941001435536,0.0263366378619624,2.63366378619624,0.8753616681224745,0.1246383318775255,1,,
yolo26n_zero_shot,640,common6,coco_small,condition,S2T1,S1T1,0.030086578863397936,True,1,0.021922069801234203,0.008164509062163733,0.8164509062163733,0.27136714676776796,0.728632853232232,1,,
yolo26n_zero_shot,640,common6,coco_small,condition,S2T2,S1T1,0.030086578863397936,True,1,0.016416616247306327,0.013669962616091609,1.3669962616091609,0.4543541716111136,0.5456458283888864,1,,
yolo26n_zero_shot,640,common6,coco_small,condition,S2T3,S1T1,0.030086578863397936,True,1,0.002733535027347616,0.02735304383605032,2.735304383605032,0.9091443716562564,0.09085562834374365,1,,
yolo26n_zero_shot,640,common6,coco_small,condition,S3T1,S1T1,0.030086578863397936,True,1,0.02814781124333442,0.0019387676200635154,0.19387676200635154,0.0644396170420738,0.9355603829579262,1,,
yolo26n_zero_shot,640,common6,coco_small,condition,S3T2,S1T1,0.030086578863397936,True,1,0.020375399795646672,0.009711179067751263,0.9711179067751263,0.32277445407943917,0.6772255459205608,1,,
yolo26n_zero_shot,640,common6,coco_small,condition,S3T3,S1T1,0.030086578863397936,True,1,0.003427598207104082,0.026658980656293855,2.6658980656293854,0.8860755081969803,0.11392449180301964,1,,
yolo26n_zero_shot,640,common6,coco_small,matrix9_mean_including_S1T1,aggregate,S1T1,0.030086578863397936,True,9,0.01648113162115442,0.013605447242243517,1.3605447242243516,0.45220984758740157,0.5477901524125984,9,,
yolo26n_zero_shot,640,common6,coco_small,corrupted8_mean_excluding_S1T1,aggregate,S1T1,0.030086578863397936,True,8,0.01478045071587398,0.015306128147523955,1.5306128147523956,0.5087360785358267,0.4912639214641733,8,,
yolo26n_zero_shot,640,common6,coco_small,corrupted8_worst_excluding_S1T1,aggregate,S1T1,0.030086578863397936,True,8,0.002733535027347616,0.02735304383605032,2.735304383605032,0.9091443716562564,0.09085562834374365,8,,S2T3
yolo26n_zero_shot,640,common6,large,condition,CLEAN,S1T1,0.47597224483075284,True,1,0.48003180562623926,-0.004059560795486417,-0.40595607954864166,-0.008528986384342518,1.0085289863843425,1,,
yolo26n_zero_shot,640,common6,large,condition,S1T1,S1T1,0.47597224483075284,True,1,0.47597224483075284,0.0,0.0,0.0,1.0,1,,
yolo26n_zero_shot,640,common6,large,condition,S1T2,S1T1,0.47597224483075284,True,1,0.4707890370328412,0.005183207797911649,0.5183207797911649,0.010889726983460357,0.9891102730165396,1,,
yolo26n_zero_shot,640,common6,large,condition,S1T3,S1T1,0.47597224483075284,True,1,0.2909039487988157,0.18506829603193714,18.506829603193715,0.38882161311263874,0.6111783868873613,1,,
yolo26n_zero_shot,640,common6,large,condition,S2T1,S1T1,0.47597224483075284,True,1,0.4290638577470215,0.04690838708373135,4.6908387083731355,0.09855277822010633,0.9014472217798937,1,,
yolo26n_zero_shot,640,common6,large,condition,S2T2,S1T1,0.47597224483075284,True,1,0.40717508435358224,0.0687971604771706,6.879716047717061,0.14454027776689715,0.8554597222331028,1,,
yolo26n_zero_shot,640,common6,large,condition,S2T3,S1T1,0.47597224483075284,True,1,0.28929709756816363,0.1866751472625892,18.667514726258922,0.3921975478401425,0.6078024521598575,1,,
yolo26n_zero_shot,640,common6,large,condition,S3T1,S1T1,0.47597224483075284,True,1,0.4490403175951521,0.026931927235600728,2.693192723560073,0.05658297837340753,0.9434170216265925,1,,
yolo26n_zero_shot,640,common6,large,condition,S3T2,S1T1,0.47597224483075284,True,1,0.41094822318954644,0.06502402164120641,6.502402164120641,0.13661305327651574,0.8633869467234843,1,,
yolo26n_zero_shot,640,common6,large,condition,S3T3,S1T1,0.47597224483075284,True,1,0.27150655017883824,0.2044656946519146,20.446569465191462,0.4295748268360037,0.5704251731639963,1,,
yolo26n_zero_shot,640,common6,large,matrix9_mean_including_S1T1,aggregate,S1T1,0.47597224483075284,True,9,0.38829959569941264,0.08767264913134021,8.76726491313402,0.18419697804546364,0.8158030219545364,9,,
yolo26n_zero_shot,640,common6,large,corrupted8_mean_excluding_S1T1,aggregate,S1T1,0.47597224483075284,True,8,0.3773405145579951,0.09863173027275773,9.863173027275774,0.20722160030114656,0.7927783996988534,8,,
yolo26n_zero_shot,640,common6,large,corrupted8_worst_excluding_S1T1,aggregate,S1T1,0.47597224483075284,True,8,0.27150655017883824,0.2044656946519146,20.446569465191462,0.4295748268360037,0.5704251731639963,8,,S3T3
yolo26n_zero_shot,640,common6,medium,condition,CLEAN,S1T1,0.15333505976566422,True,1,0.1536144242983019,-0.0002793645326376881,-0.027936453263768812,-0.001821922090516237,1.0018219220905162,1,,
yolo26n_zero_shot,640,common6,medium,condition,S1T1,S1T1,0.15333505976566422,True,1,0.15333505976566422,0.0,0.0,0.0,1.0,1,,
yolo26n_zero_shot,640,common6,medium,condition,S1T2,S1T1,0.15333505976566422,True,1,0.13775327655783157,0.015581783207832656,1.5581783207832656,0.10161918110343238,0.8983808188965676,1,,
yolo26n_zero_shot,640,common6,medium,condition,S1T3,S1T1,0.15333505976566422,True,1,0.05609981637054243,0.0972352433951218,9.72352433951218,0.6341357517564639,0.36586424824353614,1,,
yolo26n_zero_shot,640,common6,medium,condition,S2T1,S1T1,0.15333505976566422,True,1,0.11973569357609952,0.0335993661895647,3.3599366189564703,0.21912383404625957,0.7808761659537404,1,,
yolo26n_zero_shot,640,common6,medium,condition,S2T2,S1T1,0.15333505976566422,True,1,0.10347727917263844,0.049857780593025786,4.985778059302579,0.3251557776102961,0.6748442223897039,1,,
yolo26n_zero_shot,640,common6,medium,condition,S2T3,S1T1,0.15333505976566422,True,1,0.039610606934032885,0.11372445283163134,11.372445283163133,0.7416728633714418,0.2583271366285582,1,,
yolo26n_zero_shot,640,common6,medium,condition,S3T1,S1T1,0.15333505976566422,True,1,0.13342559544131247,0.019909464324351756,1.9909464324351756,0.12984287060492616,0.8701571293950738,1,,
yolo26n_zero_shot,640,common6,medium,condition,S3T2,S1T1,0.15333505976566422,True,1,0.11900631622899685,0.03432874353666737,3.432874353666737,0.2238805892737813,0.7761194107262187,1,,
yolo26n_zero_shot,640,common6,medium,condition,S3T3,S1T1,0.15333505976566422,True,1,0.0471165192636836,0.10621854050198062,10.621854050198062,0.6927218123781353,0.30727818762186465,1,,
yolo26n_zero_shot,640,common6,medium,matrix9_mean_including_S1T1,aggregate,S1T1,0.15333505976566422,True,9,0.10106224036786687,0.05227281939779735,5.2272819397797345,0.34090585334941526,0.6590941466505847,9,,
yolo26n_zero_shot,640,common6,medium,corrupted8_mean_excluding_S1T1,aggregate,S1T1,0.15333505976566422,True,8,0.09452813794314222,0.05880692182252201,5.880692182252201,0.38351908501809207,0.6164809149819079,8,,
yolo26n_zero_shot,640,common6,medium,corrupted8_worst_excluding_S1T1,aggregate,S1T1,0.15333505976566422,True,8,0.039610606934032885,0.11372445283163134,11.372445283163133,0.7416728633714418,0.2583271366285582,8,,S2T3
yolo26n_zero_shot,640,common6,small,condition,CLEAN,S1T1,0.046443731264094755,True,1,0.04611604754830866,0.00032768371578609234,0.032768371578609234,0.007055499350876238,0.9929445006491238,1,,
yolo26n_zero_shot,640,common6,small,condition,S1T1,S1T1,0.046443731264094755,True,1,0.046443731264094755,0.0,0.0,0.0,1.0,1,,
yolo26n_zero_shot,640,common6,small,condition,S1T2,S1T1,0.046443731264094755,True,1,0.0331989985624298,0.013244732701664957,1.3244732701664956,0.2851780496780272,0.7148219503219728,1,,
yolo26n_zero_shot,640,common6,small,condition,S1T3,S1T1,0.046443731264094755,True,1,0.005572490593109233,0.04087124067098552,4.087124067098552,0.8800163027078474,0.11998369729215269,1,,
yolo26n_zero_shot,640,common6,small,condition,S2T1,S1T1,0.046443731264094755,True,1,0.03324475587737191,0.013198975386722843,1.3198975386722842,0.28419282920377364,0.7158071707962264,1,,
yolo26n_zero_shot,640,common6,small,condition,S2T2,S1T1,0.046443731264094755,True,1,0.02503355407598396,0.021410177188110793,2.1410177188110793,0.46099175508456214,0.5390082449154379,1,,
yolo26n_zero_shot,640,common6,small,condition,S2T3,S1T1,0.046443731264094755,True,1,0.0037688066045144515,0.0426749246595803,4.26749246595803,0.9188522002445552,0.08114779975544478,1,,
yolo26n_zero_shot,640,common6,small,condition,S3T1,S1T1,0.046443731264094755,True,1,0.04226995400075439,0.004173777263340367,0.4173777263340367,0.08986739759574569,0.9101326024042543,1,,
yolo26n_zero_shot,640,common6,small,condition,S3T2,S1T1,0.046443731264094755,True,1,0.031012288550110657,0.015431442713984098,1.5431442713984098,0.3322610456562092,0.6677389543437908,1,,
yolo26n_zero_shot,640,common6,small,condition,S3T3,S1T1,0.046443731264094755,True,1,0.004925952296512642,0.04151777896758212,4.151777896758212,0.8939371974981508,0.10606280250184921,1,,
yolo26n_zero_shot,640,common6,small,matrix9_mean_including_S1T1,aggregate,S1T1,0.046443731264094755,True,9,0.025052281313875754,0.021391449950219,2.1391449950219,0.46058853085209683,0.5394114691479032,9,,
yolo26n_zero_shot,640,common6,small,corrupted8_mean_excluding_S1T1,aggregate,S1T1,0.046443731264094755,True,8,0.02237835007009838,0.024065381193996375,2.4065381193996376,0.518162097208609,0.4818379027913911,8,,
yolo26n_zero_shot,640,common6,small,corrupted8_worst_excluding_S1T1,aggregate,S1T1,0.046443731264094755,True,8,0.0037688066045144515,0.0426749246595803,4.26749246595803,0.9188522002445552,0.08114779975544478,8,,S2T3
yolo26n_zero_shot,640,common6,tiny,condition,CLEAN,S1T1,0.0068944757250103015,True,1,0.006717675413685083,0.0001768003113252186,0.01768003113252186,0.025643764424880144,0.9743562355751199,1,,
yolo26n_zero_shot,640,common6,tiny,condition,S1T1,S1T1,0.0068944757250103015,True,1,0.0068944757250103015,0.0,0.0,0.0,1.0,1,,
yolo26n_zero_shot,640,common6,tiny,condition,S1T2,S1T1,0.0068944757250103015,True,1,0.00793585802883451,-0.0010413823038242084,-0.10413823038242084,-0.15104590187278566,1.1510459018727857,1,,
yolo26n_zero_shot,640,common6,tiny,condition,S1T3,S1T1,0.0068944757250103015,True,1,0.0005383593511745949,0.0063561163738357065,0.6356116373835706,0.9219143887588652,0.07808561124113472,1,,
yolo26n_zero_shot,640,common6,tiny,condition,S2T1,S1T1,0.0068944757250103015,True,1,0.005461306464859035,0.0014331692601512666,0.14331692601512666,0.20787211636010583,0.7921278836398942,1,,
yolo26n_zero_shot,640,common6,tiny,condition,S2T2,S1T1,0.0068944757250103015,True,1,0.0025630251542924395,0.0043314505707178624,0.43314505707178624,0.6282494483235548,0.3717505516764453,1,,
yolo26n_zero_shot,640,common6,tiny,condition,S2T3,S1T1,0.0068944757250103015,True,1,0.0003256587563518256,0.006568816968658476,0.6568816968658476,0.9527652617340474,0.04723473826595263,1,,
yolo26n_zero_shot,640,common6,tiny,condition,S3T1,S1T1,0.0068944757250103015,True,1,0.007013967053459103,-0.00011949132844880136,-0.011949132844880136,-0.017331459738894495,1.0173314597388945,1,,
yolo26n_zero_shot,640,common6,tiny,condition,S3T2,S1T1,0.0068944757250103015,True,1,0.0041209340580344945,0.002773541666975807,0.27735416669758073,0.40228463738215037,0.5977153626178496,1,,
yolo26n_zero_shot,640,common6,tiny,condition,S3T3,S1T1,0.0068944757250103015,True,1,0.00032817083791712503,0.006566304887093177,0.6566304887093177,0.9524009002270242,0.0475990997729758,1,,
yolo26n_zero_shot,640,common6,tiny,matrix9_mean_including_S1T1,aggregate,S1T1,0.0068944757250103015,True,9,0.00390908393665927,0.0029853917883510316,0.29853917883510317,0.4330121545748964,0.5669878454251036,9,,
yolo26n_zero_shot,640,common6,tiny,corrupted8_mean_excluding_S1T1,aggregate,S1T1,0.0068944757250103015,True,8,0.003535909963115391,0.0033585657618949104,0.33585657618949105,0.48713867389675847,0.5128613261032415,8,,
yolo26n_zero_shot,640,common6,tiny,corrupted8_worst_excluding_S1T1,aggregate,S1T1,0.0068944757250103015,True,8,0.0003256587563518256,0.006568816968658476,0.6568816968658476,0.9527652617340474,0.04723473826595263,8,,S2T3
yolo26s_ft,1280,common6,all,condition,CLEAN,S1T1,0.40755965609415074,True,1,0.40764483425654785,-8.517816239711484e-05,-0.008517816239711484,-0.0002089955694177803,1.0002089955694178,1,,
yolo26s_ft,1280,common6,all,condition,S1T1,S1T1,0.40755965609415074,True,1,0.40755965609415074,0.0,0.0,0.0,1.0,1,,
yolo26s_ft,1280,common6,all,condition,S1T2,S1T1,0.40755965609415074,True,1,0.2982479212766904,0.10931173481746032,10.93117348174603,0.2682103912468905,0.7317896087531095,1,,
yolo26s_ft,1280,common6,all,condition,S1T3,S1T1,0.40755965609415074,True,1,0.0714060324909224,0.3361536236032283,33.615362360322834,0.8247961214433187,0.17520387855668132,1,,
yolo26s_ft,1280,common6,all,condition,S2T1,S1T1,0.40755965609415074,True,1,0.33553996000850284,0.0720196960856479,7.20196960856479,0.17670958106071855,0.8232904189392815,1,,
yolo26s_ft,1280,common6,all,condition,S2T2,S1T1,0.40755965609415074,True,1,0.23866081398348016,0.16889884211067058,16.88988421106706,0.41441501774074785,0.5855849822592522,1,,
yolo26s_ft,1280,common6,all,condition,S2T3,S1T1,0.40755965609415074,True,1,0.05670182673942616,0.3508578293547246,35.08578293547246,0.8608747801908847,0.1391252198091153,1,,
yolo26s_ft,1280,common6,all,condition,S3T1,S1T1,0.40755965609415074,True,1,0.3524345130544026,0.05512514303974814,5.512514303974814,0.1352566237002949,0.8647433762997051,1,,
yolo26s_ft,1280,common6,all,condition,S3T2,S1T1,0.40755965609415074,True,1,0.2581053145304937,0.14945434156365706,14.945434156365705,0.36670543644077336,0.6332945635592266,1,,
yolo26s_ft,1280,common6,all,condition,S3T3,S1T1,0.40755965609415074,True,1,0.04561635549538874,0.361943300598762,36.1943300598762,0.8880744087072965,0.11192559129270357,1,,
yolo26s_ft,1280,common6,all,matrix9_mean_including_S1T1,aggregate,S1T1,0.40755965609415074,True,9,0.22936359929705086,0.17819605679709988,17.819605679709987,0.4372269289478805,0.5627730710521195,9,,
yolo26s_ft,1280,common6,all,corrupted8_mean_excluding_S1T1,aggregate,S1T1,0.40755965609415074,True,8,0.20708909219741337,0.20047056389673737,20.047056389673738,0.49188029506636566,0.5081197049336343,8,,
yolo26s_ft,1280,common6,all,corrupted8_worst_excluding_S1T1,aggregate,S1T1,0.40755965609415074,True,8,0.04561635549538874,0.361943300598762,36.1943300598762,0.8880744087072965,0.11192559129270357,8,,S3T3
yolo26s_ft,1280,common6,coco_small,condition,CLEAN,S1T1,0.3015553980242599,True,1,0.302907511249515,-0.0013521132252550805,-0.13521132252550805,-0.0044837971202436044,1.0044837971202436,1,,
yolo26s_ft,1280,common6,coco_small,condition,S1T1,S1T1,0.3015553980242599,True,1,0.3015553980242599,0.0,0.0,0.0,1.0,1,,
yolo26s_ft,1280,common6,coco_small,condition,S1T2,S1T1,0.3015553980242599,True,1,0.17438889027022889,0.12716650775403102,12.716650775403101,0.42170197776993723,0.5782980222300628,1,,
yolo26s_ft,1280,common6,coco_small,condition,S1T3,S1T1,0.3015553980242599,True,1,0.011230918605930377,0.2903244794183295,29.03244794183295,0.9627566985054373,0.037243301494562724,1,,
yolo26s_ft,1280,common6,coco_small,condition,S2T1,S1T1,0.3015553980242599,True,1,0.22096695834865507,0.08058843967560483,8.058843967560483,0.2672425703655338,0.7327574296344662,1,,
yolo26s_ft,1280,common6,coco_small,condition,S2T2,S1T1,0.3015553980242599,True,1,0.12500564225133456,0.17654975577292534,17.654975577292532,0.5854637553486011,0.4145362446513989,1,,
yolo26s_ft,1280,common6,coco_small,condition,S2T3,S1T1,0.3015553980242599,True,1,0.008129171046084998,0.2934262269781749,29.34262269781749,0.9730425285060524,0.026957471493947564,1,,
yolo26s_ft,1280,common6,coco_small,condition,S3T1,S1T1,0.3015553980242599,True,1,0.2597625270033899,0.04179287102086998,4.179287102086998,0.13859102272647028,0.8614089772735297,1,,
yolo26s_ft,1280,common6,coco_small,condition,S3T2,S1T1,0.3015553980242599,True,1,0.15149920140428674,0.15005619661997316,15.005619661997315,0.49760739686013267,0.5023926031398673,1,,
yolo26s_ft,1280,common6,coco_small,condition,S3T3,S1T1,0.3015553980242599,True,1,0.0057188737992879286,0.295836524224972,29.5836524224972,0.9810354122766264,0.018964587723373633,1,,
yolo26s_ft,1280,common6,coco_small,matrix9_mean_including_S1T1,aggregate,S1T1,0.3015553980242599,True,9,0.13980639786149537,0.16174900016276453,16.174900016276453,0.5363823735954212,0.46361762640457876,9,,
yolo26s_ft,1280,common6,coco_small,corrupted8_mean_excluding_S1T1,aggregate,S1T1,0.3015553980242599,True,8,0.11958777284114981,0.1819676251831101,18.19676251831101,0.6034301702948489,0.3965698297051511,8,,
yolo26s_ft,1280,common6,coco_small,corrupted8_worst_excluding_S1T1,aggregate,S1T1,0.3015553980242599,True,8,0.0057188737992879286,0.295836524224972,29.5836524224972,0.9810354122766264,0.018964587723373633,8,,S3T3
yolo26s_ft,1280,common6,large,condition,CLEAN,S1T1,0.5689145503402667,True,1,0.5714772636586298,-0.002562713318363108,-0.2562713318363108,-0.004504566312867775,1.0045045663128678,1,,
yolo26s_ft,1280,common6,large,condition,S1T1,S1T1,0.5689145503402667,True,1,0.5689145503402667,0.0,0.0,0.0,1.0,1,,
yolo26s_ft,1280,common6,large,condition,S1T2,S1T1,0.5689145503402667,True,1,0.5906469594054075,-0.021732409065140734,-2.1732409065140734,-0.03819977719350409,1.038199777193504,1,,
yolo26s_ft,1280,common6,large,condition,S1T3,S1T1,0.5689145503402667,True,1,0.35195197781155024,0.21696257252871648,21.696257252871646,0.381362319523998,0.618637680476002,1,,
yolo26s_ft,1280,common6,large,condition,S2T1,S1T1,0.5689145503402667,True,1,0.5403932763147066,0.02852127402556015,2.852127402556015,0.050132790607133604,0.9498672093928664,1,,
yolo26s_ft,1280,common6,large,condition,S2T2,S1T1,0.5689145503402667,True,1,0.52253767797358,0.04637687236668675,4.637687236668675,0.08151816883387641,0.9184818311661236,1,,
yolo26s_ft,1280,common6,large,condition,S2T3,S1T1,0.5689145503402667,True,1,0.2640643532513865,0.3048501970888802,30.48501970888802,0.5358453161490595,0.46415468385094055,1,,
yolo26s_ft,1280,common6,large,condition,S3T1,S1T1,0.5689145503402667,True,1,0.5554169330954642,0.013497617244802473,1.3497617244802473,0.023725210115876916,0.9762747898841231,1,,
yolo26s_ft,1280,common6,large,condition,S3T2,S1T1,0.5689145503402667,True,1,0.5277945627683438,0.04111998757192292,4.111998757192293,0.07227796783775198,0.927722032162248,1,,
yolo26s_ft,1280,common6,large,condition,S3T3,S1T1,0.5689145503402667,True,1,0.23763576148994053,0.3312787888503262,33.12787888503262,0.5822997296381134,0.41770027036188656,1,,
yolo26s_ft,1280,common6,large,matrix9_mean_including_S1T1,aggregate,S1T1,0.5689145503402667,True,9,0.46215067249451625,0.10676387784575048,10.676387784575049,0.18766241394581173,0.8123375860541883,9,,
yolo26s_ft,1280,common6,large,corrupted8_mean_excluding_S1T1,aggregate,S1T1,0.5689145503402667,True,8,0.4488051877637974,0.12010936257646931,12.010936257646932,0.21112021568903827,0.7888797843109617,8,,
yolo26s_ft,1280,common6,large,corrupted8_worst_excluding_S1T1,aggregate,S1T1,0.5689145503402667,True,8,0.23763576148994053,0.3312787888503262,33.12787888503262,0.5822997296381134,0.41770027036188656,8,,S3T3
yolo26s_ft,1280,common6,medium,condition,CLEAN,S1T1,0.5400446873303749,True,1,0.5387601523670551,0.0012845349633198166,0.12845349633198166,0.0023785716135265034,0.9976214283864735,1,,
yolo26s_ft,1280,common6,medium,condition,S1T1,S1T1,0.5400446873303749,True,1,0.5400446873303749,0.0,0.0,0.0,1.0,1,,
yolo26s_ft,1280,common6,medium,condition,S1T2,S1T1,0.5400446873303749,True,1,0.4456637192930593,0.0943809680373156,9.438096803731561,0.17476510787259647,0.8252348921274035,1,,
yolo26s_ft,1280,common6,medium,condition,S1T3,S1T1,0.5400446873303749,True,1,0.11814429331857869,0.42190039401179624,42.190039401179625,0.7812323755972747,0.21876762440272532,1,,
yolo26s_ft,1280,common6,medium,condition,S2T1,S1T1,0.5400446873303749,True,1,0.47142482430478233,0.06861986302559259,6.8619863025592585,0.12706330538090094,0.8729366946190991,1,,
yolo26s_ft,1280,common6,medium,condition,S2T2,S1T1,0.5400446873303749,True,1,0.3765577278564023,0.16348695947397263,16.348695947397264,0.3027285765593667,0.6972714234406333,1,,
yolo26s_ft,1280,common6,medium,condition,S2T3,S1T1,0.5400446873303749,True,1,0.0918792868226212,0.4481654005077537,44.81654005077537,0.8298672517698269,0.17013274823017305,1,,
yolo26s_ft,1280,common6,medium,condition,S3T1,S1T1,0.5400446873303749,True,1,0.4639258376769972,0.07611884965337773,7.611884965337773,0.14094916853947614,0.8590508314605239,1,,
yolo26s_ft,1280,common6,medium,condition,S3T2,S1T1,0.5400446873303749,True,1,0.38278030083978093,0.157264386490594,15.726438649059398,0.2912062467793276,0.7087937532206724,1,,
yolo26s_ft,1280,common6,medium,condition,S3T3,S1T1,0.5400446873303749,True,1,0.07859810952048782,0.46144657780988707,46.14465778098871,0.8544599893963867,0.14554001060361335,1,,
yolo26s_ft,1280,common6,medium,matrix9_mean_including_S1T1,aggregate,S1T1,0.5400446873303749,True,9,0.32989097632923164,0.21015371100114327,21.015371100114326,0.3891413357661284,0.6108586642338716,9,,
yolo26s_ft,1280,common6,medium,corrupted8_mean_excluding_S1T1,aggregate,S1T1,0.5400446873303749,True,8,0.30362176245408873,0.2364229248762862,23.64229248762862,0.43778400273689455,0.5622159972631054,8,,
yolo26s_ft,1280,common6,medium,corrupted8_worst_excluding_S1T1,aggregate,S1T1,0.5400446873303749,True,8,0.07859810952048782,0.46144657780988707,46.14465778098871,0.8544599893963867,0.14554001060361335,8,,S3T3
yolo26s_ft,1280,common6,small,condition,CLEAN,S1T1,0.3764017980791577,True,1,0.3776971669159705,-0.0012953688368128047,-0.12953688368128047,-0.003441452308207138,1.0034414523082071,1,,
yolo26s_ft,1280,common6,small,condition,S1T1,S1T1,0.3764017980791577,True,1,0.3764017980791577,0.0,0.0,0.0,1.0,1,,
yolo26s_ft,1280,common6,small,condition,S1T2,S1T1,0.3764017980791577,True,1,0.23868635273582053,0.13771544534333716,13.771544534333716,0.36587350550959763,0.6341264944904024,1,,
yolo26s_ft,1280,common6,small,condition,S1T3,S1T1,0.3764017980791577,True,1,0.017725331107381816,0.35867646697177585,35.867646697177584,0.9529084845028977,0.047091515497102276,1,,
yolo26s_ft,1280,common6,small,condition,S2T1,S1T1,0.3764017980791577,True,1,0.2829916985053545,0.0934100995738032,9.341009957380319,0.24816592282632766,0.7518340771736723,1,,
yolo26s_ft,1280,common6,small,condition,S2T2,S1T1,0.3764017980791577,True,1,0.17771146245310238,0.19869033562605531,19.86903356260553,0.5278676580186541,0.47213234198134585,1,,
yolo26s_ft,1280,common6,small,condition,S2T3,S1T1,0.3764017980791577,True,1,0.01238029198596767,0.36402150609319,36.402150609319,0.9671088394127063,0.032891160587293695,1,,
yolo26s_ft,1280,common6,small,condition,S3T1,S1T1,0.3764017980791577,True,1,0.3212711813957512,0.055130616683406464,5.513061668340646,0.1464674636644866,0.8535325363355134,1,,
yolo26s_ft,1280,common6,small,condition,S3T2,S1T1,0.3764017980791577,True,1,0.207260957618963,0.1691408404601947,16.91408404601947,0.4493624667133609,0.5506375332866391,1,,
yolo26s_ft,1280,common6,small,condition,S3T3,S1T1,0.3764017980791577,True,1,0.008385243919345937,0.36801655415981177,36.80165541598118,0.9777226252315019,0.02227737476849808,1,,
yolo26s_ft,1280,common6,small,matrix9_mean_including_S1T1,aggregate,S1T1,0.3764017980791577,True,9,0.18253492420009387,0.19386687387906382,19.38668738790638,0.5150529962088369,0.48494700379116307,9,,
yolo26s_ft,1280,common6,small,corrupted8_mean_excluding_S1T1,aggregate,S1T1,0.3764017980791577,True,8,0.1583015649652109,0.2181002331139468,21.81002331139468,0.5794346207349416,0.42056537926505844,8,,
yolo26s_ft,1280,common6,small,corrupted8_worst_excluding_S1T1,aggregate,S1T1,0.3764017980791577,True,8,0.008385243919345937,0.36801655415981177,36.80165541598118,0.9777226252315019,0.02227737476849808,8,,S3T3
yolo26s_ft,1280,common6,tiny,condition,CLEAN,S1T1,0.16665715859029542,True,1,0.1675210064740635,-0.0008638478837680874,-0.08638478837680874,-0.00518338300661747,1.0051833830066175,1,,
yolo26s_ft,1280,common6,tiny,condition,S1T1,S1T1,0.16665715859029542,True,1,0.16665715859029542,0.0,0.0,0.0,1.0,1,,
yolo26s_ft,1280,common6,tiny,condition,S1T2,S1T1,0.16665715859029542,True,1,0.0707820673512031,0.09587509123909232,9.587509123909232,0.5752833664636545,0.4247166335363454,1,,
yolo26s_ft,1280,common6,tiny,condition,S1T3,S1T1,0.16665715859029542,True,1,0.0009817562592504753,0.16567540233104494,16.567540233104495,0.9941091263792394,0.005890873620760529,1,,
yolo26s_ft,1280,common6,tiny,condition,S2T1,S1T1,0.16665715859029542,True,1,0.11714808027899014,0.049509078311305285,4.950907831130529,0.2970714173341741,0.7029285826658259,1,,
yolo26s_ft,1280,common6,tiny,condition,S2T2,S1T1,0.16665715859029542,True,1,0.045426724052803895,0.12123043453749152,12.123043453749153,0.7274241056486539,0.2725758943513461,1,,
yolo26s_ft,1280,common6,tiny,condition,S2T3,S1T1,0.16665715859029542,True,1,0.0006072430098217271,0.1660499155804737,16.60499155804737,0.9963563340755464,0.003643665924453649,1,,
yolo26s_ft,1280,common6,tiny,condition,S3T1,S1T1,0.16665715859029542,True,1,0.15081366890498307,0.01584348968531235,1.584348968531235,0.09506636150122705,0.904933638498773,1,,
yolo26s_ft,1280,common6,tiny,condition,S3T2,S1T1,0.16665715859029542,True,1,0.06034914220258078,0.10630801638771464,10.630801638771464,0.6378844886528927,0.3621155113471073,1,,
yolo26s_ft,1280,common6,tiny,condition,S3T3,S1T1,0.16665715859029542,True,1,0.0005973055890501775,0.16605985300124523,16.605985300124523,0.9964159620018569,0.0035840379981430877,1,,
yolo26s_ft,1280,common6,tiny,matrix9_mean_including_S1T1,aggregate,S1T1,0.16665715859029542,True,9,0.06815146069321987,0.09850569789707556,9.850569789707556,0.5910679068952495,0.40893209310475054,9,,
yolo26s_ft,1280,common6,tiny,corrupted8_mean_excluding_S1T1,aggregate,S1T1,0.16665715859029542,True,8,0.05583824845608542,0.11081891013421,11.081891013421,0.6649513952571556,0.33504860474284437,8,,
yolo26s_ft,1280,common6,tiny,corrupted8_worst_excluding_S1T1,aggregate,S1T1,0.16665715859029542,True,8,0.0005973055890501775,0.16605985300124523,16.605985300124523,0.9964159620018569,0.0035840379981430877,8,,S3T3
yolo26s_ft,1280,native10,all,condition,CLEAN,S1T1,0.3530591302716899,True,1,0.35237138572289267,0.00068774454879722,0.068774454879722,0.001947958542434458,0.9980520414575655,1,,
yolo26s_ft,1280,native10,all,condition,S1T1,S1T1,0.3530591302716899,True,1,0.3530591302716899,0.0,0.0,0.0,1.0,1,,
yolo26s_ft,1280,native10,all,condition,S1T2,S1T1,0.3530591302716899,True,1,0.25568810060586306,0.09737102966582684,9.737102966582684,0.27579241355660966,0.7242075864433903,1,,
yolo26s_ft,1280,native10,all,condition,S1T3,S1T1,0.3530591302716899,True,1,0.05488345178200165,0.29817567848968823,29.817567848968825,0.8445488387744933,0.15545116122550673,1,,
yolo26s_ft,1280,native10,all,condition,S2T1,S1T1,0.3530591302716899,True,1,0.28832288461371236,0.06473624565797753,6.473624565797753,0.1833580839791935,0.8166419160208065,1,,
yolo26s_ft,1280,native10,all,condition,S2T2,S1T1,0.3530591302716899,True,1,0.1996107897526651,0.15344834051902478,15.344834051902478,0.43462504538812397,0.565374954611876,1,,
yolo26s_ft,1280,native10,all,condition,S2T3,S1T1,0.3530591302716899,True,1,0.04162275182187536,0.31143637844981453,31.143637844981452,0.8821082695415768,0.11789173045842312,1,,
yolo26s_ft,1280,native10,all,condition,S3T1,S1T1,0.3530591302716899,True,1,0.3032357593217315,0.04982337094995837,4.982337094995836,0.14111905535941738,0.8588809446405826,1,,
yolo26s_ft,1280,native10,all,condition,S3T2,S1T1,0.3530591302716899,True,1,0.21965940801574632,0.13339972225594357,13.339972225594357,0.3778396048086573,0.6221603951913427,1,,
yolo26s_ft,1280,native10,all,condition,S3T3,S1T1,0.3530591302716899,True,1,0.03635443587531014,0.31670469439637977,31.670469439637976,0.89703017778542,0.10296982221457998,1,,
yolo26s_ft,1280,native10,all,matrix9_mean_including_S1T1,aggregate,S1T1,0.3530591302716899,True,9,0.19471519022895506,0.15834394004273483,15.834394004273483,0.4484912765770547,0.5515087234229453,9,,
yolo26s_ft,1280,native10,all,corrupted8_mean_excluding_S1T1,aggregate,S1T1,0.3530591302716899,True,8,0.1749221977236132,0.1781369325480767,17.81369325480767,0.5045526861491865,0.49544731385081353,8,,
yolo26s_ft,1280,native10,all,corrupted8_worst_excluding_S1T1,aggregate,S1T1,0.3530591302716899,True,8,0.03635443587531014,0.31670469439637977,31.670469439637976,0.89703017778542,0.10296982221457998,8,,S3T3
yolo26s_ft,1280,native10,coco_small,condition,CLEAN,S1T1,0.26847786393951073,True,1,0.2683572391322155,0.00012062480729524427,0.012062480729524427,0.0004492914444612639,0.9995507085555387,1,,
yolo26s_ft,1280,native10,coco_small,condition,S1T1,S1T1,0.26847786393951073,True,1,0.26847786393951073,0.0,0.0,0.0,1.0,1,,
yolo26s_ft,1280,native10,coco_small,condition,S1T2,S1T1,0.26847786393951073,True,1,0.15376179131552245,0.11471607262398828,11.471607262398829,0.4272831694229895,0.5727168305770105,1,,
yolo26s_ft,1280,native10,coco_small,condition,S1T3,S1T1,0.26847786393951073,True,1,0.009436039698752804,0.25904182424075795,25.904182424075795,0.9648535653543534,0.03514643464564656,1,,
yolo26s_ft,1280,native10,coco_small,condition,S2T1,S1T1,0.26847786393951073,True,1,0.20012402779460717,0.06835383614490356,6.835383614490357,0.2545976608347271,0.7454023391652729,1,,
yolo26s_ft,1280,native10,coco_small,condition,S2T2,S1T1,0.26847786393951073,True,1,0.1079226062679257,0.16055525767158502,16.055525767158503,0.5980204673699239,0.40197953263007613,1,,
yolo26s_ft,1280,native10,coco_small,condition,S2T3,S1T1,0.26847786393951073,True,1,0.007048600840138459,0.26142926309937226,26.142926309937227,0.973746063318924,0.026253936681076027,1,,
yolo26s_ft,1280,native10,coco_small,condition,S3T1,S1T1,0.26847786393951073,True,1,0.22710388663016476,0.04137397730934597,4.137397730934597,0.1541057303654193,0.8458942696345807,1,,
yolo26s_ft,1280,native10,coco_small,condition,S3T2,S1T1,0.26847786393951073,True,1,0.1321649329704216,0.13631293096908914,13.631293096908914,0.5077250279367578,0.4922749720632422,1,,
yolo26s_ft,1280,native10,coco_small,condition,S3T3,S1T1,0.26847786393951073,True,1,0.005666271645612549,0.26281159229389817,26.281159229389818,0.9788948274451067,0.021105172554893335,1,,
yolo26s_ft,1280,native10,coco_small,matrix9_mean_including_S1T1,aggregate,S1T1,0.26847786393951073,True,9,0.12352289123362846,0.14495497270588226,14.495497270588226,0.5399140568942447,0.46008594310575535,9,,
yolo26s_ft,1280,native10,coco_small,corrupted8_mean_excluding_S1T1,aggregate,S1T1,0.26847786393951073,True,8,0.10540351964539318,0.16307434429411755,16.307434429411753,0.6074033140060252,0.3925966859939748,8,,
yolo26s_ft,1280,native10,coco_small,corrupted8_worst_excluding_S1T1,aggregate,S1T1,0.26847786393951073,True,8,0.005666271645612549,0.26281159229389817,26.281159229389818,0.9788948274451067,0.021105172554893335,8,,S3T3
yolo26s_ft,1280,native10,large,condition,CLEAN,S1T1,0.525201363115868,True,1,0.5274720788576915,-0.0022707157418235813,-0.22707157418235813,-0.004323514562780462,1.0043235145627805,1,,
yolo26s_ft,1280,native10,large,condition,S1T1,S1T1,0.525201363115868,True,1,0.525201363115868,0.0,0.0,0.0,1.0,1,,
yolo26s_ft,1280,native10,large,condition,S1T2,S1T1,0.525201363115868,True,1,0.5473078901232494,-0.02210652700738147,-2.210652700738147,-0.0420915263361652,1.0420915263361652,1,,
yolo26s_ft,1280,native10,large,condition,S1T3,S1T1,0.525201363115868,True,1,0.2743633328183093,0.25083803029755863,25.083803029755863,0.4776035401153742,0.5223964598846258,1,,
yolo26s_ft,1280,native10,large,condition,S2T1,S1T1,0.525201363115868,True,1,0.45046039061375026,0.0747409725021177,7.47409725021177,0.1423091746348507,0.8576908253651493,1,,
yolo26s_ft,1280,native10,large,condition,S2T2,S1T1,0.525201363115868,True,1,0.4220679636860575,0.10313339942981048,10.313339942981049,0.1963692531526381,0.8036307468473619,1,,
yolo26s_ft,1280,native10,large,condition,S2T3,S1T1,0.525201363115868,True,1,0.19252684289715088,0.3326745202187171,33.267452021871705,0.6334228042460806,0.3665771957539195,1,,
yolo26s_ft,1280,native10,large,condition,S3T1,S1T1,0.525201363115868,True,1,0.5164465496517758,0.008754813464092126,0.8754813464092126,0.016669441625498327,0.9833305583745017,1,,
yolo26s_ft,1280,native10,large,condition,S3T2,S1T1,0.525201363115868,True,1,0.4894858755407522,0.03571548757511578,3.571548757511578,0.06800341751442929,0.9319965824855707,1,,
yolo26s_ft,1280,native10,large,condition,S3T3,S1T1,0.525201363115868,True,1,0.17822205791443993,0.34697930520142806,34.697930520142805,0.6606595671094607,0.3393404328905393,1,,
yolo26s_ft,1280,native10,large,matrix9_mean_including_S1T1,aggregate,S1T1,0.525201363115868,True,9,0.3995646962623726,0.12563666685349534,12.563666685349533,0.23921618578468506,0.7607838142153149,9,,
yolo26s_ft,1280,native10,large,corrupted8_mean_excluding_S1T1,aggregate,S1T1,0.525201363115868,True,8,0.38386011290568567,0.1413412502101823,14.134125021018228,0.26911820900777084,0.7308817909922292,8,,
yolo26s_ft,1280,native10,large,corrupted8_worst_excluding_S1T1,aggregate,S1T1,0.525201363115868,True,8,0.17822205791443993,0.34697930520142806,34.697930520142805,0.6606595671094607,0.3393404328905393,8,,S3T3
yolo26s_ft,1280,native10,medium,condition,CLEAN,S1T1,0.46876046794353093,True,1,0.4670374869021392,0.0017229810413917357,0.17229810413917357,0.0036756108059847747,0.9963243891940152,1,,
yolo26s_ft,1280,native10,medium,condition,S1T1,S1T1,0.46876046794353093,True,1,0.46876046794353093,0.0,0.0,0.0,1.0,1,,
yolo26s_ft,1280,native10,medium,condition,S1T2,S1T1,0.46876046794353093,True,1,0.3887606059591411,0.07999986198438985,7.999986198438985,0.1706625610631206,0.8293374389368794,1,,
yolo26s_ft,1280,native10,medium,condition,S1T3,S1T1,0.46876046794353093,True,1,0.09774501358241634,0.3710154543611146,37.10154543611146,0.7914819609016366,0.20851803909836347,1,,
yolo26s_ft,1280,native10,medium,condition,S2T1,S1T1,0.46876046794353093,True,1,0.40010470331508896,0.06865576462844197,6.8655764628441975,0.14646236046660954,0.8535376395333905,1,,
yolo26s_ft,1280,native10,medium,condition,S2T2,S1T1,0.46876046794353093,True,1,0.32136943239234916,0.14739103555118177,14.739103555118177,0.3144271875096284,0.6855728124903716,1,,
yolo26s_ft,1280,native10,medium,condition,S2T3,S1T1,0.46876046794353093,True,1,0.07236756255435714,0.3963929053891738,39.63929053891738,0.8456193141204158,0.15438068587958417,1,,
yolo26s_ft,1280,native10,medium,condition,S3T1,S1T1,0.46876046794353093,True,1,0.3969710235081524,0.07178944443537855,7.178944443537855,0.1531473947671429,0.8468526052328571,1,,
yolo26s_ft,1280,native10,medium,condition,S3T2,S1T1,0.46876046794353093,True,1,0.33014561662025405,0.1386148513232769,13.861485132327688,0.29570507925163836,0.7042949207483616,1,,
yolo26s_ft,1280,native10,medium,condition,S3T3,S1T1,0.46876046794353093,True,1,0.06322167118126074,0.4055387967622702,40.55387967622702,0.8651301133420732,0.1348698866579268,1,,
yolo26s_ft,1280,native10,medium,matrix9_mean_including_S1T1,aggregate,S1T1,0.46876046794353093,True,9,0.28216067745072787,0.18659979049280306,18.659979049280306,0.3980706634913628,0.6019293365086372,9,,
yolo26s_ft,1280,native10,medium,corrupted8_mean_excluding_S1T1,aggregate,S1T1,0.46876046794353093,True,8,0.2588357036391275,0.20992476430440343,20.992476430440345,0.44782949642778314,0.5521705035722169,8,,
yolo26s_ft,1280,native10,medium,corrupted8_worst_excluding_S1T1,aggregate,S1T1,0.46876046794353093,True,8,0.06322167118126074,0.4055387967622702,40.55387967622702,0.8651301133420732,0.1348698866579268,8,,S3T3
yolo26s_ft,1280,native10,small,condition,CLEAN,S1T1,0.33269083899533824,True,1,0.332947599412469,-0.0002567604171307414,-0.025676041713074138,-0.000771768822688701,1.0007717688226887,1,,
yolo26s_ft,1280,native10,small,condition,S1T1,S1T1,0.33269083899533824,True,1,0.33269083899533824,0.0,0.0,0.0,1.0,1,,
yolo26s_ft,1280,native10,small,condition,S1T2,S1T1,0.33269083899533824,True,1,0.2093994428237206,0.12329139617161763,12.329139617161763,0.37058849153746976,0.6294115084625302,1,,
yolo26s_ft,1280,native10,small,condition,S1T3,S1T1,0.33269083899533824,True,1,0.014990321280834553,0.3177005177145037,31.77005177145037,0.9549421879902001,0.045057812009799886,1,,
yolo26s_ft,1280,native10,small,condition,S2T1,S1T1,0.33269083899533824,True,1,0.2529699055061646,0.07972093348917364,7.9720933489173635,0.2396246729543723,0.7603753270456277,1,,
yolo26s_ft,1280,native10,small,condition,S2T2,S1T1,0.33269083899533824,True,1,0.152872309098767,0.17981852989657124,17.981852989657124,0.5404973892265512,0.4595026107734487,1,,
yolo26s_ft,1280,native10,small,condition,S2T3,S1T1,0.33269083899533824,True,1,0.010729474014030493,0.32196136498130773,32.19613649813077,0.9677494155041015,0.03225058449589842,1,,
yolo26s_ft,1280,native10,small,condition,S3T1,S1T1,0.33269083899533824,True,1,0.2783395458342876,0.05435129316105064,5.435129316105064,0.16336877001236638,0.8366312299876336,1,,
yolo26s_ft,1280,native10,small,condition,S3T2,S1T1,0.33269083899533824,True,1,0.1789881192771812,0.15370271971815705,15.370271971815704,0.461998653711985,0.538001346288015,1,,
yolo26s_ft,1280,native10,small,condition,S3T3,S1T1,0.33269083899533824,True,1,0.008139248439803607,0.3245515905555346,32.45515905555346,0.9755350989994719,0.02446490100052817,1,,
yolo26s_ft,1280,native10,small,matrix9_mean_including_S1T1,aggregate,S1T1,0.33269083899533824,True,9,0.1599021339189031,0.17278870507643515,17.278870507643514,0.5193671866596132,0.4806328133403868,9,,
yolo26s_ft,1280,native10,small,corrupted8_mean_excluding_S1T1,aggregate,S1T1,0.33269083899533824,True,8,0.1383035457843487,0.19438729321098955,19.438729321098954,0.5842880849920649,0.4157119150079352,8,,
yolo26s_ft,1280,native10,small,corrupted8_worst_excluding_S1T1,aggregate,S1T1,0.33269083899533824,True,8,0.008139248439803607,0.3245515905555346,32.45515905555346,0.9755350989994719,0.02446490100052817,8,,S3T3
yolo26s_ft,1280,native10,tiny,condition,CLEAN,S1T1,0.1648080477686043,True,1,0.1636911077890764,0.0011169399795279145,0.11169399795279145,0.00677721746389548,0.9932227825361045,1,,
yolo26s_ft,1280,native10,tiny,condition,S1T1,S1T1,0.1648080477686043,True,1,0.1648080477686043,0.0,0.0,0.0,1.0,1,,
yolo26s_ft,1280,native10,tiny,condition,S1T2,S1T1,0.1648080477686043,True,1,0.06617358647320581,0.09863446129539849,9.863446129539849,0.5984808547328003,0.4015191452671997,1,,
yolo26s_ft,1280,native10,tiny,condition,S1T3,S1T1,0.1648080477686043,True,1,0.001082951056714306,0.16372509671189,16.372509671189,0.9934290159286712,0.0065709840713288675,1,,
yolo26s_ft,1280,native10,tiny,condition,S2T1,S1T1,0.1648080477686043,True,1,0.11998920668467129,0.04481884108393301,4.481884108393301,0.27194570708622234,0.7280542929137777,1,,
yolo26s_ft,1280,native10,tiny,condition,S2T2,S1T1,0.1648080477686043,True,1,0.0414232542125456,0.1233847935560587,12.338479355605871,0.7486575760505023,0.25134242394949763,1,,
yolo26s_ft,1280,native10,tiny,condition,S2T3,S1T1,0.1648080477686043,True,1,0.0006811588060056287,0.16412688896259867,16.412688896259866,0.9958669566490952,0.004133043350904788,1,,
yolo26s_ft,1280,native10,tiny,condition,S3T1,S1T1,0.1648080477686043,True,1,0.1447888586340879,0.02001918913451639,2.001918913451639,0.12146973042617415,0.8785302695738259,1,,
yolo26s_ft,1280,native10,tiny,condition,S3T2,S1T1,0.1648080477686043,True,1,0.058062967890123454,0.10674507987848085,10.674507987848084,0.6476933700977656,0.35230662990223444,1,,
yolo26s_ft,1280,native10,tiny,condition,S3T3,S1T1,0.1648080477686043,True,1,0.0006612854404072199,0.16414676232819708,16.41467623281971,0.9959875415711756,0.0040124584288243345,1,,
yolo26s_ft,1280,native10,tiny,matrix9_mean_including_S1T1,aggregate,S1T1,0.1648080477686043,True,9,0.06640792410737395,0.09840012366123035,9.840012366123036,0.5970589725047118,0.40294102749528815,9,,
yolo26s_ft,1280,native10,tiny,corrupted8_mean_excluding_S1T1,aggregate,S1T1,0.1648080477686043,True,8,0.054107908649720156,0.11070013911888416,11.070013911888415,0.6716913440678008,0.32830865593219916,8,,
yolo26s_ft,1280,native10,tiny,corrupted8_worst_excluding_S1T1,aggregate,S1T1,0.1648080477686043,True,8,0.0006612854404072199,0.16414676232819708,16.41467623281971,0.9959875415711756,0.0040124584288243345,8,,S3T3
yolo26s_zero_shot,1280,common6,all,condition,CLEAN,S1T1,0.23555718634211031,True,1,0.23494826350144324,0.0006089228406670755,0.06089228406670755,0.002585031898719947,0.99741496810128,1,,
yolo26s_zero_shot,1280,common6,all,condition,S1T1,S1T1,0.23555718634211031,True,1,0.23555718634211031,0.0,0.0,0.0,1.0,1,,
yolo26s_zero_shot,1280,common6,all,condition,S1T2,S1T1,0.23555718634211031,True,1,0.16866332009701968,0.06689386624509064,6.689386624509064,0.28398142839054663,0.7160185716094534,1,,
yolo26s_zero_shot,1280,common6,all,condition,S1T3,S1T1,0.23555718634211031,True,1,0.04992841795889195,0.18562876838321837,18.562876838321838,0.7880412025028238,0.21195879749717614,1,,
yolo26s_zero_shot,1280,common6,all,condition,S2T1,S1T1,0.23555718634211031,True,1,0.19433715237664473,0.041220033965465586,4.122003396546559,0.1749894987521199,0.8250105012478801,1,,
yolo26s_zero_shot,1280,common6,all,condition,S2T2,S1T1,0.23555718634211031,True,1,0.137793985156632,0.09776320118547832,9.776320118547833,0.415029584550617,0.584970415449383,1,,
yolo26s_zero_shot,1280,common6,all,condition,S2T3,S1T1,0.23555718634211031,True,1,0.03661642545444075,0.19894076088766957,19.89407608876696,0.8445539869827573,0.15544601301724273,1,,
yolo26s_zero_shot,1280,common6,all,condition,S3T1,S1T1,0.23555718634211031,True,1,0.20949414166656644,0.02606304467554388,2.606304467554388,0.11064423497439535,0.8893557650256046,1,,
yolo26s_zero_shot,1280,common6,all,condition,S3T2,S1T1,0.23555718634211031,True,1,0.14770923837849276,0.08784794796361756,8.784794796361755,0.3729368198346198,0.6270631801653802,1,,
yolo26s_zero_shot,1280,common6,all,condition,S3T3,S1T1,0.23555718634211031,True,1,0.03744150625463374,0.19811568008747657,19.811568008747656,0.8410513097220658,0.15894869027793426,1,,
yolo26s_zero_shot,1280,common6,all,matrix9_mean_including_S1T1,aggregate,S1T1,0.23555718634211031,True,9,0.13528237485393693,0.10027481148817338,10.027481148817339,0.425692007301105,0.574307992698895,9,,
yolo26s_zero_shot,1280,common6,all,corrupted8_mean_excluding_S1T1,aggregate,S1T1,0.23555718634211031,True,8,0.12274802341791526,0.11280916292419506,11.280916292419505,0.47890350821374317,0.5210964917862568,8,,
yolo26s_zero_shot,1280,common6,all,corrupted8_worst_excluding_S1T1,aggregate,S1T1,0.23555718634211031,True,8,0.03661642545444075,0.19894076088766957,19.89407608876696,0.8445539869827573,0.15544601301724273,8,,S2T3
yolo26s_zero_shot,1280,common6,coco_small,condition,CLEAN,S1T1,0.12979903216817412,True,1,0.12999042241586187,-0.00019139024768774493,-0.019139024768774493,-0.001474512132261241,1.0014745121322612,1,,
yolo26s_zero_shot,1280,common6,coco_small,condition,S1T1,S1T1,0.12979903216817412,True,1,0.12979903216817412,0.0,0.0,0.0,1.0,1,,
yolo26s_zero_shot,1280,common6,coco_small,condition,S1T2,S1T1,0.12979903216817412,True,1,0.07327278803540517,0.05652624413276895,5.652624413276895,0.4354904900949548,0.5645095099050452,1,,
yolo26s_zero_shot,1280,common6,coco_small,condition,S1T3,S1T1,0.12979903216817412,True,1,0.00616015135538036,0.12363888081279376,12.363888081279375,0.9525408529441194,0.047459147055880654,1,,
yolo26s_zero_shot,1280,common6,coco_small,condition,S2T1,S1T1,0.12979903216817412,True,1,0.0971140648507752,0.03268496731739892,3.268496731739892,0.2518121034604529,0.7481878965395471,1,,
yolo26s_zero_shot,1280,common6,coco_small,condition,S2T2,S1T1,0.12979903216817412,True,1,0.050390769259650414,0.07940826290852371,7.940826290852371,0.6117785439697145,0.3882214560302854,1,,
yolo26s_zero_shot,1280,common6,coco_small,condition,S2T3,S1T1,0.12979903216817412,True,1,0.004034413377847405,0.12576461879032672,12.57646187903267,0.9689180010786196,0.031081998921380378,1,,
yolo26s_zero_shot,1280,common6,coco_small,condition,S3T1,S1T1,0.12979903216817412,True,1,0.12080655284634698,0.008992479321827146,0.8992479321827146,0.06928001828377306,0.9307199817162269,1,,
yolo26s_zero_shot,1280,common6,coco_small,condition,S3T2,S1T1,0.12979903216817412,True,1,0.06451354762086169,0.06528548454731244,6.528548454731244,0.5029735850628323,0.49702641493716765,1,,
yolo26s_zero_shot,1280,common6,coco_small,condition,S3T3,S1T1,0.12979903216817412,True,1,0.00452098010615604,0.12527805206201809,12.527805206201808,0.9651693850821751,0.0348306149178249,1,,
yolo26s_zero_shot,1280,common6,coco_small,matrix9_mean_including_S1T1,aggregate,S1T1,0.12979903216817412,True,9,0.06117914440228859,0.06861988776588554,6.861988776588554,0.5286625533307381,0.471337446669262,9,,
yolo26s_zero_shot,1280,common6,coco_small,corrupted8_mean_excluding_S1T1,aggregate,S1T1,0.12979903216817412,True,8,0.05260165843155291,0.07719737373662122,7.719737373662122,0.5947453724970801,0.4052546275029198,8,,
yolo26s_zero_shot,1280,common6,coco_small,corrupted8_worst_excluding_S1T1,aggregate,S1T1,0.12979903216817412,True,8,0.004034413377847405,0.12576461879032672,12.57646187903267,0.9689180010786196,0.031081998921380378,8,,S2T3
yolo26s_zero_shot,1280,common6,large,condition,CLEAN,S1T1,0.6594352761963681,True,1,0.658892846996811,0.0005424291995570485,0.05424291995570485,0.0008225662459032668,0.9991774337540967,1,,
yolo26s_zero_shot,1280,common6,large,condition,S1T1,S1T1,0.6594352761963681,True,1,0.6594352761963681,0.0,0.0,0.0,1.0,1,,
yolo26s_zero_shot,1280,common6,large,condition,S1T2,S1T1,0.6594352761963681,True,1,0.5559026882709635,0.10353258792540465,10.353258792540466,0.1570018948979831,0.8429981051020169,1,,
yolo26s_zero_shot,1280,common6,large,condition,S1T3,S1T1,0.6594352761963681,True,1,0.3527295231233257,0.30670575307304243,30.670575307304244,0.46510364874946564,0.5348963512505344,1,,
yolo26s_zero_shot,1280,common6,large,condition,S2T1,S1T1,0.6594352761963681,True,1,0.653776632725874,0.005658643470494051,0.5658643470494051,0.008581044531213444,0.9914189554687866,1,,
yolo26s_zero_shot,1280,common6,large,condition,S2T2,S1T1,0.6594352761963681,True,1,0.600000610375627,0.059434665820741084,5.943466582074109,0.09012964268997115,0.9098703573100289,1,,
yolo26s_zero_shot,1280,common6,large,condition,S2T3,S1T1,0.6594352761963681,True,1,0.28473883172751885,0.37469644446884925,37.46964444688493,0.5682080683188555,0.43179193168114455,1,,
yolo26s_zero_shot,1280,common6,large,condition,S3T1,S1T1,0.6594352761963681,True,1,0.5931631054566883,0.06627217073967984,6.627217073967984,0.10049837054811295,0.899501629451887,1,,
yolo26s_zero_shot,1280,common6,large,condition,S3T2,S1T1,0.6594352761963681,True,1,0.5448349650010198,0.1146003111953483,11.46003111953483,0.1737855333678303,0.8262144666321697,1,,
yolo26s_zero_shot,1280,common6,large,condition,S3T3,S1T1,0.6594352761963681,True,1,0.31551098592664206,0.34392429026972604,34.39242902697261,0.5215436642296211,0.47845633577037894,1,,
yolo26s_zero_shot,1280,common6,large,matrix9_mean_including_S1T1,aggregate,S1T1,0.6594352761963681,True,9,0.506676957644892,0.15275831855147615,15.275831855147615,0.23165020748145027,0.7683497925185497,9,,
yolo26s_zero_shot,1280,common6,large,corrupted8_mean_excluding_S1T1,aggregate,S1T1,0.6594352761963681,True,8,0.4875821678259574,0.17185310837041068,17.18531083704107,0.2606064834166316,0.7393935165833684,8,,
yolo26s_zero_shot,1280,common6,large,corrupted8_worst_excluding_S1T1,aggregate,S1T1,0.6594352761963681,True,8,0.28473883172751885,0.37469644446884925,37.46964444688493,0.5682080683188555,0.43179193168114455,8,,S2T3
yolo26s_zero_shot,1280,common6,medium,condition,CLEAN,S1T1,0.35573379811828687,True,1,0.35547153443774515,0.0002622636805417189,0.02622636805417189,0.0007372470142814613,0.9992627529857185,1,,
yolo26s_zero_shot,1280,common6,medium,condition,S1T1,S1T1,0.35573379811828687,True,1,0.35573379811828687,0.0,0.0,0.0,1.0,1,,
yolo26s_zero_shot,1280,common6,medium,condition,S1T2,S1T1,0.35573379811828687,True,1,0.2740072970774655,0.08172650104082135,8.172650104082136,0.22974061355183928,0.7702593864481607,1,,
yolo26s_zero_shot,1280,common6,medium,condition,S1T3,S1T1,0.35573379811828687,True,1,0.07154325844852787,0.284190539669759,28.4190539669759,0.7988854058091532,0.20111459419084673,1,,
yolo26s_zero_shot,1280,common6,medium,condition,S2T1,S1T1,0.35573379811828687,True,1,0.30359415249821753,0.05213964562006934,5.213964562006934,0.14656927707142442,0.8534307229285756,1,,
yolo26s_zero_shot,1280,common6,medium,condition,S2T2,S1T1,0.35573379811828687,True,1,0.23363556139298602,0.12209823672530085,12.209823672530085,0.34322922750427365,0.6567707724957264,1,,
yolo26s_zero_shot,1280,common6,medium,condition,S2T3,S1T1,0.35573379811828687,True,1,0.05673586450577408,0.2989979336125128,29.89979336125128,0.8405103343964282,0.15948966560357175,1,,
yolo26s_zero_shot,1280,common6,medium,condition,S3T1,S1T1,0.35573379811828687,True,1,0.31318208464595926,0.04255171347232761,4.2551713472327615,0.11961672941230772,0.8803832705876923,1,,
yolo26s_zero_shot,1280,common6,medium,condition,S3T2,S1T1,0.35573379811828687,True,1,0.2350160708227495,0.12071772729553737,12.071772729553738,0.3393484901746584,0.6606515098253416,1,,
yolo26s_zero_shot,1280,common6,medium,condition,S3T3,S1T1,0.35573379811828687,True,1,0.0565965110782511,0.2991372870400358,29.913728704003578,0.8409020695316898,0.1590979304683102,1,,
yolo26s_zero_shot,1280,common6,medium,matrix9_mean_including_S1T1,aggregate,S1T1,0.35573379811828687,True,9,0.21111606650980197,0.1446177316084849,14.461773160848491,0.4065335719390861,0.5934664280609139,9,,
yolo26s_zero_shot,1280,common6,medium,corrupted8_mean_excluding_S1T1,aggregate,S1T1,0.35573379811828687,True,8,0.19303885005874136,0.1626949480595455,16.26949480595455,0.45735026843147186,0.5426497315685281,8,,
yolo26s_zero_shot,1280,common6,medium,corrupted8_worst_excluding_S1T1,aggregate,S1T1,0.35573379811828687,True,8,0.0565965110782511,0.2991372870400358,29.913728704003578,0.8409020695316898,0.1590979304683102,8,,S3T3
yolo26s_zero_shot,1280,common6,small,condition,CLEAN,S1T1,0.17741893201799258,True,1,0.17753195309026024,-0.00011302107226765501,-0.011302107226765501,-0.0006370293800224136,1.0006370293800224,1,,
yolo26s_zero_shot,1280,common6,small,condition,S1T1,S1T1,0.17741893201799258,True,1,0.17741893201799258,0.0,0.0,0.0,1.0,1,,
yolo26s_zero_shot,1280,common6,small,condition,S1T2,S1T1,0.17741893201799258,True,1,0.10852796709015575,0.06889096492783683,6.8890964927836835,0.388295454967852,0.611704545032148,1,,
yolo26s_zero_shot,1280,common6,small,condition,S1T3,S1T1,0.17741893201799258,True,1,0.009646016067524285,0.16777291595046828,16.77729159504683,0.9456314162315775,0.05436858376842249,1,,
yolo26s_zero_shot,1280,common6,small,condition,S2T1,S1T1,0.17741893201799258,True,1,0.13730487556823792,0.04011405644975466,4.011405644975466,0.22609794791057913,0.7739020520894209,1,,
yolo26s_zero_shot,1280,common6,small,condition,S2T2,S1T1,0.17741893201799258,True,1,0.07816576147294359,0.099253170545049,9.9253170545049,0.5594282944673764,0.4405717055326236,1,,
yolo26s_zero_shot,1280,common6,small,condition,S2T3,S1T1,0.17741893201799258,True,1,0.006007296152172858,0.17141163586581973,17.14116358658197,0.9661406137223076,0.033859386277692395,1,,
yolo26s_zero_shot,1280,common6,small,condition,S3T1,S1T1,0.17741893201799258,True,1,0.16409559578630686,0.013323336231685717,1.3323336231685716,0.07509534681639585,0.9249046531836042,1,,
yolo26s_zero_shot,1280,common6,small,condition,S3T2,S1T1,0.17741893201799258,True,1,0.09642670060440098,0.0809922314135916,8.099223141359161,0.4565027558917891,0.5434972441082109,1,,
yolo26s_zero_shot,1280,common6,small,condition,S3T3,S1T1,0.17741893201799258,True,1,0.006724429161418838,0.17069450285657375,17.069450285657375,0.9620985816737027,0.037901418326297294,1,,
yolo26s_zero_shot,1280,common6,small,matrix9_mean_including_S1T1,aggregate,S1T1,0.17741893201799258,True,9,0.0871463971023504,0.09027253491564217,9.027253491564217,0.5088100457423979,0.4911899542576022,9,,
yolo26s_zero_shot,1280,common6,small,corrupted8_mean_excluding_S1T1,aggregate,S1T1,0.17741893201799258,True,8,0.07586233023789514,0.10155660178009744,10.155660178009745,0.5724113014601975,0.42758869853980247,8,,
yolo26s_zero_shot,1280,common6,small,corrupted8_worst_excluding_S1T1,aggregate,S1T1,0.17741893201799258,True,8,0.006007296152172858,0.17141163586581973,17.14116358658197,0.9661406137223076,0.033859386277692395,8,,S2T3
yolo26s_zero_shot,1280,common6,tiny,condition,CLEAN,S1T1,0.062086038640086924,True,1,0.062441091287967695,-0.0003550526478807714,-0.03550526478807714,-0.0057187196293682074,1.0057187196293682,1,,
yolo26s_zero_shot,1280,common6,tiny,condition,S1T1,S1T1,0.062086038640086924,True,1,0.062086038640086924,0.0,0.0,0.0,1.0,1,,
yolo26s_zero_shot,1280,common6,tiny,condition,S1T2,S1T1,0.062086038640086924,True,1,0.02181308554711309,0.04027295309297384,4.027295309297384,0.6486635961175804,0.3513364038824196,1,,
yolo26s_zero_shot,1280,common6,tiny,condition,S1T3,S1T1,0.062086038640086924,True,1,0.0005964810911763039,0.06148955754891062,6.148955754891062,0.9903926695237538,0.009607330476246161,1,,
yolo26s_zero_shot,1280,common6,tiny,condition,S2T1,S1T1,0.062086038640086924,True,1,0.04042112387992165,0.02166491476016527,2.1664914760165273,0.3489498643287082,0.6510501356712918,1,,
yolo26s_zero_shot,1280,common6,tiny,condition,S2T2,S1T1,0.062086038640086924,True,1,0.011695886735283614,0.05039015190480331,5.039015190480331,0.8116180869086409,0.18838191309135904,1,,
yolo26s_zero_shot,1280,common6,tiny,condition,S2T3,S1T1,0.062086038640086924,True,1,0.00014522517825494883,0.06194081346183197,6.194081346183197,0.9976609044249575,0.0023390955750425615,1,,
yolo26s_zero_shot,1280,common6,tiny,condition,S3T1,S1T1,0.062086038640086924,True,1,0.05902163833412511,0.0030644003059618133,0.3064400305961813,0.04935731725011738,0.9506426827498826,1,,
yolo26s_zero_shot,1280,common6,tiny,condition,S3T2,S1T1,0.062086038640086924,True,1,0.018967715406968604,0.043118323233118316,4.311832323311831,0.6944930644242815,0.3055069355757185,1,,
yolo26s_zero_shot,1280,common6,tiny,condition,S3T3,S1T1,0.062086038640086924,True,1,0.0002846542264351931,0.06180138441365173,6.180138441365173,0.9954151652662955,0.004584834733704546,1,,
yolo26s_zero_shot,1280,common6,tiny,matrix9_mean_including_S1T1,aggregate,S1T1,0.062086038640086924,True,9,0.023892427671040606,0.03819361096904632,3.8193610969046317,0.6151722964715928,0.38482770352840723,9,,
yolo26s_zero_shot,1280,common6,tiny,corrupted8_mean_excluding_S1T1,aggregate,S1T1,0.062086038640086924,True,8,0.019118226299909814,0.04296781234017711,4.296781234017711,0.6920688335305418,0.3079311664694581,8,,
yolo26s_zero_shot,1280,common6,tiny,corrupted8_worst_excluding_S1T1,aggregate,S1T1,0.062086038640086924,True,8,0.00014522517825494883,0.06194081346183197,6.194081346183197,0.9976609044249575,0.0023390955750425615,8,,S2T3
yolov8n_ft,640,common6,all,condition,CLEAN,S1T1,0.2221907197517461,True,1,0.2221084931078843,8.222664386178802e-05,0.008222664386178802,0.0003700723592491295,0.9996299276407509,1,,
yolov8n_ft,640,common6,all,condition,S1T1,S1T1,0.2221907197517461,True,1,0.2221907197517461,0.0,0.0,0.0,1.0,1,,
yolov8n_ft,640,common6,all,condition,S1T2,S1T1,0.2221907197517461,True,1,0.19728098679047246,0.024909732961273634,2.4909732961273634,0.11210969112078717,0.8878903088792128,1,,
yolov8n_ft,640,common6,all,condition,S1T3,S1T1,0.2221907197517461,True,1,0.07362425751509445,0.14856646223665165,14.856646223665166,0.6686438677665976,0.3313561322334025,1,,
yolov8n_ft,640,common6,all,condition,S2T1,S1T1,0.2221907197517461,True,1,0.17142073959317272,0.05076998015857337,5.0769980158573365,0.2284973027464816,0.7715026972535184,1,,
yolov8n_ft,640,common6,all,condition,S2T2,S1T1,0.2221907197517461,True,1,0.15269190775525818,0.06949881199648791,6.949881199648791,0.3127889953015994,0.6872110046984006,1,,
yolov8n_ft,640,common6,all,condition,S2T3,S1T1,0.2221907197517461,True,1,0.048220368944258324,0.17397035080748777,17.397035080748775,0.7829775744093408,0.21702242559065918,1,,
yolov8n_ft,640,common6,all,condition,S3T1,S1T1,0.2221907197517461,True,1,0.19258749927771096,0.02960322047403513,2.960322047403513,0.133233379445869,0.866766620554131,1,,
yolov8n_ft,640,common6,all,condition,S3T2,S1T1,0.2221907197517461,True,1,0.17021717816727738,0.05197354158446871,5.1973541584468705,0.23391409705382293,0.7660859029461771,1,,
yolov8n_ft,640,common6,all,condition,S3T3,S1T1,0.2221907197517461,True,1,0.05256085310034148,0.16962986665140461,16.962986665140463,0.763442626410915,0.236557373589085,1,,
yolov8n_ft,640,common6,all,matrix9_mean_including_S1T1,aggregate,S1T1,0.2221907197517461,True,9,0.14231050121059244,0.07988021854115365,7.988021854115365,0.3595119482506015,0.6404880517493985,9,,
yolov8n_ft,640,common6,all,corrupted8_mean_excluding_S1T1,aggregate,S1T1,0.2221907197517461,True,8,0.13232547389294824,0.08986524585879785,8.986524585879785,0.40445094178192664,0.5955490582180734,8,,
yolov8n_ft,640,common6,all,corrupted8_worst_excluding_S1T1,aggregate,S1T1,0.2221907197517461,True,8,0.048220368944258324,0.17397035080748777,17.397035080748775,0.7829775744093408,0.21702242559065918,8,,S2T3
yolov8n_ft,640,common6,coco_small,condition,CLEAN,S1T1,0.11418817466717236,True,1,0.11431744120704919,-0.00012926653987682668,-0.012926653987682668,-0.0011320483951478,1.0011320483951478,1,,
yolov8n_ft,640,common6,coco_small,condition,S1T1,S1T1,0.11418817466717236,True,1,0.11418817466717236,0.0,0.0,0.0,1.0,1,,
yolov8n_ft,640,common6,coco_small,condition,S1T2,S1T1,0.11418817466717236,True,1,0.09299163733350135,0.02119653733367101,2.119653733367101,0.1856281300183069,0.8143718699816931,1,,
yolov8n_ft,640,common6,coco_small,condition,S1T3,S1T1,0.11418817466717236,True,1,0.012454858076972898,0.10173331659019946,10.173331659019947,0.8909269010274011,0.10907309897259887,1,,
yolov8n_ft,640,common6,coco_small,condition,S2T1,S1T1,0.11418817466717236,True,1,0.07971397850596386,0.034474196161208503,3.4474196161208503,0.3019068853818835,0.6980931146181165,1,,
yolov8n_ft,640,common6,coco_small,condition,S2T2,S1T1,0.11418817466717236,True,1,0.0631675804744698,0.051020594192702565,5.102059419270256,0.44681154017404867,0.5531884598259513,1,,
yolov8n_ft,640,common6,coco_small,condition,S2T3,S1T1,0.11418817466717236,True,1,0.00720570105302753,0.10698247361414483,10.698247361414483,0.9368962585308838,0.06310374146911622,1,,
yolov8n_ft,640,common6,coco_small,condition,S3T1,S1T1,0.11418817466717236,True,1,0.09737217503111778,0.016815999636054582,1.6815999636054582,0.14726568390350991,0.8527343160964901,1,,
yolov8n_ft,640,common6,coco_small,condition,S3T2,S1T1,0.11418817466717236,True,1,0.07695251974968241,0.03723565491748995,3.723565491748995,0.32609028934932893,0.6739097106506711,1,,
yolov8n_ft,640,common6,coco_small,condition,S3T3,S1T1,0.11418817466717236,True,1,0.008111947451826649,0.10607622721534571,10.607622721534572,0.9289598290237078,0.07104017097629226,1,,
yolov8n_ft,640,common6,coco_small,matrix9_mean_including_S1T1,aggregate,S1T1,0.11418817466717236,True,9,0.06135095248263719,0.052837222184535175,5.2837222184535175,0.4627206130454522,0.5372793869545478,9,,
yolov8n_ft,640,common6,coco_small,corrupted8_mean_excluding_S1T1,aggregate,S1T1,0.11418817466717236,True,8,0.05474629970957028,0.05944187495760208,5.944187495760208,0.5205606896761339,0.47943931032386616,8,,
yolov8n_ft,640,common6,coco_small,corrupted8_worst_excluding_S1T1,aggregate,S1T1,0.11418817466717236,True,8,0.00720570105302753,0.10698247361414483,10.698247361414483,0.9368962585308838,0.06310374146911622,8,,S2T3
yolov8n_ft,640,common6,large,condition,CLEAN,S1T1,0.5232390894235579,True,1,0.5192289480765988,0.004010141346959095,0.4010141346959095,0.007664070647659393,0.9923359293523406,1,,
yolov8n_ft,640,common6,large,condition,S1T1,S1T1,0.5232390894235579,True,1,0.5232390894235579,0.0,0.0,0.0,1.0,1,,
yolov8n_ft,640,common6,large,condition,S1T2,S1T1,0.5232390894235579,True,1,0.5193612579392488,0.003877831484309091,0.3877831484309091,0.007411203716796488,0.9925887962832035,1,,
yolov8n_ft,640,common6,large,condition,S1T3,S1T1,0.5232390894235579,True,1,0.3172224461352732,0.20601664328828473,20.601664328828473,0.39373328073643954,0.6062667192635605,1,,
yolov8n_ft,640,common6,large,condition,S2T1,S1T1,0.5232390894235579,True,1,0.40612394078698594,0.11711514863657196,11.711514863657197,0.22382721590161658,0.7761727840983834,1,,
yolov8n_ft,640,common6,large,condition,S2T2,S1T1,0.5232390894235579,True,1,0.41105153642205966,0.11218755300149824,11.218755300149825,0.21440973212665182,0.7855902678733482,1,,
yolov8n_ft,640,common6,large,condition,S2T3,S1T1,0.5232390894235579,True,1,0.2178354557851684,0.3054036336383895,30.540363363838953,0.5836789334199908,0.41632106658000917,1,,
yolov8n_ft,640,common6,large,condition,S3T1,S1T1,0.5232390894235579,True,1,0.44780617805137557,0.07543291137218233,7.543291137218233,0.1441652829403195,0.8558347170596805,1,,
yolov8n_ft,640,common6,large,condition,S3T2,S1T1,0.5232390894235579,True,1,0.43029455103691505,0.09294453838664285,9.294453838664285,0.17763301761158168,0.8223669823884183,1,,
yolov8n_ft,640,common6,large,condition,S3T3,S1T1,0.5232390894235579,True,1,0.2545073495593489,0.268731739864209,26.873173986420902,0.5135926296337405,0.4864073703662595,1,,
yolov8n_ft,640,common6,large,matrix9_mean_including_S1T1,aggregate,S1T1,0.5232390894235579,True,9,0.3919379783488815,0.1313011110746764,13.13011110746764,0.2509390328985708,0.7490609671014292,9,,
yolov8n_ft,640,common6,large,corrupted8_mean_excluding_S1T1,aggregate,S1T1,0.5232390894235579,True,8,0.3755253394645469,0.147713749959011,14.771374995901098,0.2823064120108921,0.7176935879891079,8,,
yolov8n_ft,640,common6,large,corrupted8_worst_excluding_S1T1,aggregate,S1T1,0.5232390894235579,True,8,0.2178354557851684,0.3054036336383895,30.540363363838953,0.5836789334199908,0.41632106658000917,8,,S2T3
yolov8n_ft,640,common6,medium,condition,CLEAN,S1T1,0.3332636318923943,True,1,0.3324230364723575,0.0008405954200367827,0.08405954200367827,0.002522313686805777,0.9974776863131942,1,,
yolov8n_ft,640,common6,medium,condition,S1T1,S1T1,0.3332636318923943,True,1,0.3332636318923943,0.0,0.0,0.0,1.0,1,,
yolov8n_ft,640,common6,medium,condition,S1T2,S1T1,0.3332636318923943,True,1,0.3072516208535373,0.026012011038856975,2.6012011038856975,0.07805235420124046,0.9219476457987595,1,,
yolov8n_ft,640,common6,medium,condition,S1T3,S1T1,0.3332636318923943,True,1,0.11843932828509297,0.21482430360730131,21.48243036073013,0.6446077010787208,0.35539229892127927,1,,
yolov8n_ft,640,common6,medium,condition,S2T1,S1T1,0.3332636318923943,True,1,0.26775882111731036,0.06550481077508391,6.550481077508391,0.19655553293686245,0.8034444670631375,1,,
yolov8n_ft,640,common6,medium,condition,S2T2,S1T1,0.3332636318923943,True,1,0.24478076969827692,0.08848286219411736,8.848286219411735,0.2655041046383576,0.7344958953616424,1,,
yolov8n_ft,640,common6,medium,condition,S2T3,S1T1,0.3332636318923943,True,1,0.07662243901195885,0.2566411928804354,25.66411928804354,0.7700846066614941,0.22991539333850586,1,,
yolov8n_ft,640,common6,medium,condition,S3T1,S1T1,0.3332636318923943,True,1,0.2844966516895773,0.048766980202817,4.8766980202817,0.14633153916585506,0.8536684608341449,1,,
yolov8n_ft,640,common6,medium,condition,S3T2,S1T1,0.3332636318923943,True,1,0.26197152105239185,0.07129211084000242,7.129211084000242,0.21392106433930225,0.7860789356606978,1,,
yolov8n_ft,640,common6,medium,condition,S3T3,S1T1,0.3332636318923943,True,1,0.08669917884054434,0.24656445305184993,24.65644530518499,0.7398480645840823,0.26015193541591775,1,,
yolov8n_ft,640,common6,medium,matrix9_mean_including_S1T1,aggregate,S1T1,0.3332636318923943,True,9,0.2201426624934538,0.11312096939894048,11.312096939894047,0.3394338852895461,0.6605661147104539,9,,
yolov8n_ft,640,common6,medium,corrupted8_mean_excluding_S1T1,aggregate,S1T1,0.3332636318923943,True,8,0.20600254131858622,0.12726109057380805,12.726109057380805,0.3818631209507394,0.6181368790492606,8,,
yolov8n_ft,640,common6,medium,corrupted8_worst_excluding_S1T1,aggregate,S1T1,0.3332636318923943,True,8,0.07662243901195885,0.2566411928804354,25.66411928804354,0.7700846066614941,0.22991539333850586,8,,S2T3
yolov8n_ft,640,common6,small,condition,CLEAN,S1T1,0.15804999623771235,True,1,0.15831924878412765,-0.0002692525464152995,-0.02692525464152995,-0.0017035909701024199,1.0017035909701024,1,,
yolov8n_ft,640,common6,small,condition,S1T1,S1T1,0.15804999623771235,True,1,0.15804999623771235,0.0,0.0,0.0,1.0,1,,
yolov8n_ft,640,common6,small,condition,S1T2,S1T1,0.15804999623771235,True,1,0.13222230048592287,0.025827695751789476,2.5827695751789475,0.16341471918128858,0.8365852808187114,1,,
yolov8n_ft,640,common6,small,condition,S1T3,S1T1,0.15804999623771235,True,1,0.018701984634406928,0.13934801160330543,13.934801160330542,0.8816704518848673,0.11832954811513272,1,,
yolov8n_ft,640,common6,small,condition,S2T1,S1T1,0.15804999623771235,True,1,0.1114509077892804,0.04659908844843194,4.659908844843194,0.29483764351595043,0.7051623564840496,1,,
yolov8n_ft,640,common6,small,condition,S2T2,S1T1,0.15804999623771235,True,1,0.0911506192865537,0.06689937695115865,6.689937695115865,0.42327983893488874,0.5767201610651113,1,,
yolov8n_ft,640,common6,small,condition,S2T3,S1T1,0.15804999623771235,True,1,0.010543335437700965,0.14750666080001137,14.750666080001137,0.9332911376863088,0.06670886231369119,1,,
yolov8n_ft,640,common6,small,condition,S3T1,S1T1,0.15804999623771235,True,1,0.13262617333569324,0.02542382290201911,2.5423822902019113,0.16085937049805965,0.8391406295019403,1,,
yolov8n_ft,640,common6,small,condition,S3T2,S1T1,0.15804999623771235,True,1,0.10926429861608065,0.04878569762163169,4.87856976216317,0.30867256427046297,0.691327435729537,1,,
yolov8n_ft,640,common6,small,condition,S3T3,S1T1,0.15804999623771235,True,1,0.012146688619576492,0.14590330761813586,14.590330761813586,0.923146542811001,0.07685345718899908,1,,
yolov8n_ft,640,common6,small,matrix9_mean_including_S1T1,aggregate,S1T1,0.15804999623771235,True,9,0.08623958938254751,0.07181040685516484,7.181040685516484,0.454352474309203,0.545647525690797,9,,
yolov8n_ft,640,common6,small,corrupted8_mean_excluding_S1T1,aggregate,S1T1,0.15804999623771235,True,8,0.07726328852565191,0.08078670771206044,8.078670771206044,0.5111465335978533,0.4888534664021466,8,,
yolov8n_ft,640,common6,small,corrupted8_worst_excluding_S1T1,aggregate,S1T1,0.15804999623771235,True,8,0.010543335437700965,0.14750666080001137,14.750666080001137,0.9332911376863088,0.06670886231369119,8,,S2T3
yolov8n_ft,640,common6,tiny,condition,CLEAN,S1T1,0.045013468904859286,True,1,0.0449843189888822,2.9149915977084995e-05,0.0029149915977084995,0.0006475820834580537,0.999352417916542,1,,
yolov8n_ft,640,common6,tiny,condition,S1T1,S1T1,0.045013468904859286,True,1,0.045013468904859286,0.0,0.0,0.0,1.0,1,,
yolov8n_ft,640,common6,tiny,condition,S1T2,S1T1,0.045013468904859286,True,1,0.036018473295429,0.008994995609430283,0.8994995609430283,0.19982898070891075,0.8001710192910892,1,,
yolov8n_ft,640,common6,tiny,condition,S1T3,S1T1,0.045013468904859286,True,1,0.0016427675873052067,0.04337070131755408,4.337070131755408,0.9635049769041936,0.03649502309580648,1,,
yolov8n_ft,640,common6,tiny,condition,S2T1,S1T1,0.045013468904859286,True,1,0.03160233822157375,0.013411130683285533,1.3411130683285533,0.2979359513844928,0.7020640486155072,1,,
yolov8n_ft,640,common6,tiny,condition,S2T2,S1T1,0.045013468904859286,True,1,0.020736619522358987,0.0242768493825003,2.42768493825003,0.5393241172728096,0.4606758827271904,1,,
yolov8n_ft,640,common6,tiny,condition,S2T3,S1T1,0.045013468904859286,True,1,0.0015431863554813611,0.043470282549377924,4.3470282549377925,0.9657172310193856,0.03428276898061441,1,,
yolov8n_ft,640,common6,tiny,condition,S3T1,S1T1,0.045013468904859286,True,1,0.04220763992369425,0.0028058289811650344,0.28058289811650344,0.06233309827988265,0.9376669017201174,1,,
yolov8n_ft,640,common6,tiny,condition,S3T2,S1T1,0.045013468904859286,True,1,0.02560675313518684,0.019406715769672445,1.9406715769672445,0.4311313089575608,0.5688686910424392,1,,
yolov8n_ft,640,common6,tiny,condition,S3T3,S1T1,0.045013468904859286,True,1,0.000822876313868332,0.04419059259099095,4.419059259099095,0.9817193312604374,0.01828066873956255,1,,
yolov8n_ft,640,common6,tiny,matrix9_mean_including_S1T1,aggregate,S1T1,0.045013468904859286,True,9,0.022799347028861893,0.022214121875997393,2.2214121875997392,0.4934994439764081,0.5065005560235919,9,,
yolov8n_ft,640,common6,tiny,corrupted8_mean_excluding_S1T1,aggregate,S1T1,0.045013468904859286,True,8,0.020022581794362216,0.02499088711049707,2.499088711049707,0.5551868744734592,0.44481312552654084,8,,
yolov8n_ft,640,common6,tiny,corrupted8_worst_excluding_S1T1,aggregate,S1T1,0.045013468904859286,True,8,0.000822876313868332,0.04419059259099095,4.419059259099095,0.9817193312604374,0.01828066873956255,8,,S3T3
yolov8n_ft,640,native10,all,condition,CLEAN,S1T1,0.18548902938844822,True,1,0.18530626591641447,0.00018276347203374788,0.018276347203374788,0.0009853060994298168,0.9990146939005702,1,,
yolov8n_ft,640,native10,all,condition,S1T1,S1T1,0.18548902938844822,True,1,0.18548902938844822,0.0,0.0,0.0,1.0,1,,
yolov8n_ft,640,native10,all,condition,S1T2,S1T1,0.18548902938844822,True,1,0.16250600824275765,0.022983021145690563,2.298302114569056,0.12390501595412351,0.8760949840458765,1,,
yolov8n_ft,640,native10,all,condition,S1T3,S1T1,0.18548902938844822,True,1,0.05541532644582966,0.13007370294261855,13.007370294261856,0.7012474180897257,0.2987525819102743,1,,
yolov8n_ft,640,native10,all,condition,S2T1,S1T1,0.18548902938844822,True,1,0.13952668939544266,0.04596233999300556,4.596233999300556,0.24779007224600835,0.7522099277539916,1,,
yolov8n_ft,640,native10,all,condition,S2T2,S1T1,0.18548902938844822,True,1,0.12076889785596674,0.06472013153248148,6.472013153248148,0.3489162229478574,0.6510837770521426,1,,
yolov8n_ft,640,native10,all,condition,S2T3,S1T1,0.18548902938844822,True,1,0.034719326806677865,0.15076970258177036,15.076970258177036,0.8128227479482402,0.18717725205175986,1,,
yolov8n_ft,640,native10,all,condition,S3T1,S1T1,0.18548902938844822,True,1,0.15794838439859638,0.027540644989851842,2.7540644989851844,0.14847586987032346,0.8515241301296765,1,,
yolov8n_ft,640,native10,all,condition,S3T2,S1T1,0.18548902938844822,True,1,0.13832998133355032,0.0471590480548979,4.7159048054897905,0.25424171019914155,0.7457582898008585,1,,
yolov8n_ft,640,native10,all,condition,S3T3,S1T1,0.18548902938844822,True,1,0.03954528574305501,0.1459437436453932,14.59437436453932,0.7868052581145384,0.21319474188546156,1,,
yolov8n_ft,640,native10,all,matrix9_mean_including_S1T1,aggregate,S1T1,0.18548902938844822,True,9,0.11491654773448051,0.0705724816539677,7.0572481653967705,0.38046714615221755,0.6195328538477824,9,,
yolov8n_ft,640,native10,all,corrupted8_mean_excluding_S1T1,aggregate,S1T1,0.18548902938844822,True,8,0.10609498752773454,0.07939404186071368,7.939404186071368,0.42802553942124477,0.5719744605787552,8,,
yolov8n_ft,640,native10,all,corrupted8_worst_excluding_S1T1,aggregate,S1T1,0.18548902938844822,True,8,0.034719326806677865,0.15076970258177036,15.076970258177036,0.8128227479482402,0.18717725205175986,8,,S2T3
yolov8n_ft,640,native10,coco_small,condition,CLEAN,S1T1,0.09914534137045494,True,1,0.09909822267483348,4.711869562146198e-05,0.004711869562146198,0.00047524871032922356,0.9995247512896708,1,,
yolov8n_ft,640,native10,coco_small,condition,S1T1,S1T1,0.09914534137045494,True,1,0.09914534137045494,0.0,0.0,0.0,1.0,1,,
yolov8n_ft,640,native10,coco_small,condition,S1T2,S1T1,0.09914534137045494,True,1,0.07710548882779987,0.022039852542655072,2.203985254265507,0.22229841803966888,0.7777015819603311,1,,
yolov8n_ft,640,native10,coco_small,condition,S1T3,S1T1,0.09914534137045494,True,1,0.010507578271465645,0.0886377630989893,8.86377630989893,0.8940184367089499,0.10598156329105017,1,,
yolov8n_ft,640,native10,coco_small,condition,S2T1,S1T1,0.09914534137045494,True,1,0.06855776417741213,0.03058757719304281,3.058757719304281,0.3085125006403763,0.6914874993596237,1,,
yolov8n_ft,640,native10,coco_small,condition,S2T2,S1T1,0.09914534137045494,True,1,0.05117469101372916,0.047970650356725784,4.797065035672579,0.48384169839593605,0.516158301604064,1,,
yolov8n_ft,640,native10,coco_small,condition,S2T3,S1T1,0.09914534137045494,True,1,0.005913255455259557,0.09323208591519538,9.323208591519538,0.9403577074472438,0.05964229255275621,1,,
yolov8n_ft,640,native10,coco_small,condition,S3T1,S1T1,0.09914534137045494,True,1,0.08205560702784107,0.017089734342613877,1.7089734342613876,0.17237052297554123,0.8276294770244588,1,,
yolov8n_ft,640,native10,coco_small,condition,S3T2,S1T1,0.09914534137045494,True,1,0.0637921399113216,0.03535320145913334,3.5353201459133343,0.3565795525080365,0.6434204474919635,1,,
yolov8n_ft,640,native10,coco_small,condition,S3T3,S1T1,0.09914534137045494,True,1,0.0065620713881893175,0.09258326998226563,9.258326998226563,0.9338136184970078,0.06618638150299211,1,,
yolov8n_ft,640,native10,coco_small,matrix9_mean_including_S1T1,aggregate,S1T1,0.09914534137045494,True,9,0.05164599304927481,0.047499348321180135,4.749934832118013,0.4790880505791957,0.5209119494208043,9,,
yolov8n_ft,640,native10,coco_small,corrupted8_mean_excluding_S1T1,aggregate,S1T1,0.09914534137045494,True,8,0.04570857450912729,0.05343676686132765,5.343676686132765,0.5389740569015951,0.4610259430984049,8,,
yolov8n_ft,640,native10,coco_small,corrupted8_worst_excluding_S1T1,aggregate,S1T1,0.09914534137045494,True,8,0.005913255455259557,0.09323208591519538,9.323208591519538,0.9403577074472438,0.05964229255275621,8,,S2T3
yolov8n_ft,640,native10,large,condition,CLEAN,S1T1,0.42673284915495285,True,1,0.4252365774980357,0.0014962716569171808,0.14962716569171808,0.0035063428088093485,0.9964936571911907,1,,
yolov8n_ft,640,native10,large,condition,S1T1,S1T1,0.42673284915495285,True,1,0.42673284915495285,0.0,0.0,0.0,1.0,1,,
yolov8n_ft,640,native10,large,condition,S1T2,S1T1,0.42673284915495285,True,1,0.4260271582092679,0.0007056909456849558,0.07056909456849558,0.0016537066389016308,0.9983462933610984,1,,
yolov8n_ft,640,native10,large,condition,S1T3,S1T1,0.42673284915495285,True,1,0.24534591552742147,0.1813869336275314,18.138693362753138,0.42505969246737596,0.574940307532624,1,,
yolov8n_ft,640,native10,large,condition,S2T1,S1T1,0.42673284915495285,True,1,0.31139582234116253,0.11533702681379032,11.533702681379033,0.27027923217579575,0.7297207678242043,1,,
yolov8n_ft,640,native10,large,condition,S2T2,S1T1,0.42673284915495285,True,1,0.31423236663113124,0.11250048252382161,11.250048252382161,0.26363211256551533,0.7363678874344847,1,,
yolov8n_ft,640,native10,large,condition,S2T3,S1T1,0.42673284915495285,True,1,0.16409421761906567,0.2626386315358872,26.26386315358872,0.6154638248636897,0.3845361751363104,1,,
yolov8n_ft,640,native10,large,condition,S3T1,S1T1,0.42673284915495285,True,1,0.37991382065580137,0.04681902849915148,4.681902849915148,0.10971507956761684,0.8902849204323832,1,,
yolov8n_ft,640,native10,large,condition,S3T2,S1T1,0.42673284915495285,True,1,0.35291558195333994,0.07381726720161291,7.381726720161291,0.17298238780490227,0.8270176121950977,1,,
yolov8n_ft,640,native10,large,condition,S3T3,S1T1,0.42673284915495285,True,1,0.19126272291422564,0.23547012624072722,23.54701262407272,0.5517975161908022,0.44820248380919786,1,,
yolov8n_ft,640,native10,large,matrix9_mean_including_S1T1,aggregate,S1T1,0.42673284915495285,True,9,0.31243560611181875,0.1142972430431341,11.42972430431341,0.2678426169193999,0.7321573830806001,9,,
yolov8n_ft,640,native10,large,corrupted8_mean_excluding_S1T1,aggregate,S1T1,0.42673284915495285,True,8,0.298148450731427,0.12858439842352587,12.858439842352587,0.3013229440343249,0.6986770559656751,8,,
yolov8n_ft,640,native10,large,corrupted8_worst_excluding_S1T1,aggregate,S1T1,0.42673284915495285,True,8,0.16409421761906567,0.2626386315358872,26.26386315358872,0.6154638248636897,0.3845361751363104,8,,S2T3
yolov8n_ft,640,native10,medium,condition,CLEAN,S1T1,0.27993073441086797,True,1,0.27917890895889524,0.0007518254519727208,0.07518254519727208,0.0026857552942693985,0.9973142447057306,1,,
yolov8n_ft,640,native10,medium,condition,S1T1,S1T1,0.27993073441086797,True,1,0.27993073441086797,0.0,0.0,0.0,1.0,1,,
yolov8n_ft,640,native10,medium,condition,S1T2,S1T1,0.27993073441086797,True,1,0.2576864670150558,0.022244267395812145,2.2244267395812143,0.07946346957088013,0.9205365304291199,1,,
yolov8n_ft,640,native10,medium,condition,S1T3,S1T1,0.27993073441086797,True,1,0.0894972823498098,0.19043345206105816,19.043345206105815,0.6802877592624386,0.3197122407375615,1,,
yolov8n_ft,640,native10,medium,condition,S2T1,S1T1,0.27993073441086797,True,1,0.21709421851798674,0.06283651589288122,6.283651589288122,0.22447165733739338,0.7755283426626066,1,,
yolov8n_ft,640,native10,medium,condition,S2T2,S1T1,0.27993073441086797,True,1,0.19738524496768964,0.08254548944317833,8.254548944317833,0.2948782655713048,0.7051217344286952,1,,
yolov8n_ft,640,native10,medium,condition,S2T3,S1T1,0.27993073441086797,True,1,0.05647593392027782,0.22345480049059013,22.345480049059013,0.7982503277493448,0.20174967225065518,1,,
yolov8n_ft,640,native10,medium,condition,S3T1,S1T1,0.27993073441086797,True,1,0.23507075138438374,0.044859983026484224,4.485998302648422,0.1602538682324215,0.8397461317675785,1,,
yolov8n_ft,640,native10,medium,condition,S3T2,S1T1,0.27993073441086797,True,1,0.21644282060422868,0.06348791380663929,6.348791380663929,0.22679865410367905,0.773201345896321,1,,
yolov8n_ft,640,native10,medium,condition,S3T3,S1T1,0.27993073441086797,True,1,0.06672943568422432,0.21320129872664365,21.320129872664364,0.7616216174881237,0.23837838251187624,1,,
yolov8n_ft,640,native10,medium,matrix9_mean_including_S1T1,aggregate,S1T1,0.27993073441086797,True,9,0.17959032098383607,0.1003404134270319,10.03404134270319,0.3584472910350651,0.6415527089649349,9,,
yolov8n_ft,640,native10,medium,corrupted8_mean_excluding_S1T1,aggregate,S1T1,0.27993073441086797,True,8,0.16704776930545706,0.1128829651054109,11.288296510541091,0.4032532024144483,0.5967467975855517,8,,
yolov8n_ft,640,native10,medium,corrupted8_worst_excluding_S1T1,aggregate,S1T1,0.27993073441086797,True,8,0.05647593392027782,0.22345480049059013,22.345480049059013,0.7982503277493448,0.20174967225065518,8,,S2T3
yolov8n_ft,640,native10,small,condition,CLEAN,S1T1,0.13503616215930941,True,1,0.13505509577882208,-1.8933619512662148e-05,-0.0018933619512662148,-0.00014021147528109346,1.000140211475281,1,,
yolov8n_ft,640,native10,small,condition,S1T1,S1T1,0.13503616215930941,True,1,0.13503616215930941,0.0,0.0,0.0,1.0,1,,
yolov8n_ft,640,native10,small,condition,S1T2,S1T1,0.13503616215930941,True,1,0.10834855948330072,0.026687602676008698,2.6687602676008697,0.19763300622039226,0.8023669937796077,1,,
yolov8n_ft,640,native10,small,condition,S1T3,S1T1,0.13503616215930941,True,1,0.015575456073721732,0.11946070608558768,11.946070608558767,0.8846571479471808,0.11534285205281923,1,,
yolov8n_ft,640,native10,small,condition,S2T1,S1T1,0.13503616215930941,True,1,0.0933366855501086,0.041699476609200814,4.169947660920082,0.3088022937145215,0.6911977062854785,1,,
yolov8n_ft,640,native10,small,condition,S2T2,S1T1,0.13503616215930941,True,1,0.07301713214204521,0.06201903001726421,6.2019030017264205,0.45927719675635503,0.540722803243645,1,,
yolov8n_ft,640,native10,small,condition,S2T3,S1T1,0.13503616215930941,True,1,0.008489939448474365,0.12654622271083504,12.654622271083504,0.9371284009207969,0.06287159907920316,1,,
yolov8n_ft,640,native10,small,condition,S3T1,S1T1,0.13503616215930941,True,1,0.11043497690368807,0.02460118525562134,2.4601185255621343,0.18218220113955852,0.8178177988604415,1,,
yolov8n_ft,640,native10,small,condition,S3T2,S1T1,0.13503616215930941,True,1,0.08898087701295725,0.04605528514635217,4.605528514635217,0.3410589016297595,0.6589410983702405,1,,
yolov8n_ft,640,native10,small,condition,S3T3,S1T1,0.13503616215930941,True,1,0.009629656316047614,0.1254065058432618,12.54065058432618,0.9286883145813416,0.07131168541865839,1,,
yolov8n_ft,640,native10,small,matrix9_mean_including_S1T1,aggregate,S1T1,0.13503616215930941,True,9,0.07142771612107254,0.06360844603823687,6.360844603823687,0.4710474958788785,0.5289525041211215,9,,
yolov8n_ft,640,native10,small,corrupted8_mean_excluding_S1T1,aggregate,S1T1,0.13503616215930941,True,8,0.06347666036629294,0.07155950179301647,7.155950179301647,0.5299284328637383,0.47007156713626175,8,,
yolov8n_ft,640,native10,small,corrupted8_worst_excluding_S1T1,aggregate,S1T1,0.13503616215930941,True,8,0.008489939448474365,0.12654622271083504,12.654622271083504,0.9371284009207969,0.06287159907920316,8,,S2T3
yolov8n_ft,640,native10,tiny,condition,CLEAN,S1T1,0.04395646845848835,True,1,0.04343471390519778,0.0005217545532905724,0.052175455329057235,0.01186980145557659,0.9881301985444234,1,,
yolov8n_ft,640,native10,tiny,condition,S1T1,S1T1,0.04395646845848835,True,1,0.04395646845848835,0.0,0.0,0.0,1.0,1,,
yolov8n_ft,640,native10,tiny,condition,S1T2,S1T1,0.04395646845848835,True,1,0.03217298922412801,0.011783479234360343,1.1783479234360343,0.26807156369917284,0.7319284363008272,1,,
yolov8n_ft,640,native10,tiny,condition,S1T3,S1T1,0.04395646845848835,True,1,0.00142407021353388,0.04253239824495447,4.253239824495447,0.9676027155166311,0.03239728448336892,1,,
yolov8n_ft,640,native10,tiny,condition,S2T1,S1T1,0.04395646845848835,True,1,0.03254349420246144,0.011412974256026907,1.1412974256026907,0.25964265684367027,0.7403573431563297,1,,
yolov8n_ft,640,native10,tiny,condition,S2T2,S1T1,0.04395646845848835,True,1,0.01942164143128564,0.02453482702720271,2.453482702720271,0.5581619244588071,0.4418380755411929,1,,
yolov8n_ft,640,native10,tiny,condition,S2T3,S1T1,0.04395646845848835,True,1,0.0011326934974106584,0.04282377496107769,4.282377496107769,0.9742314717916806,0.025768528208319385,1,,
yolov8n_ft,640,native10,tiny,condition,S3T1,S1T1,0.04395646845848835,True,1,0.04009115835585692,0.003865310102631428,0.3865310102631428,0.087934955609133,0.912065044390867,1,,
yolov8n_ft,640,native10,tiny,condition,S3T2,S1T1,0.04395646845848835,True,1,0.02462324697029909,0.01933322148818926,1.933322148818926,0.43982654126200305,0.560173458737997,1,,
yolov8n_ft,640,native10,tiny,condition,S3T3,S1T1,0.04395646845848835,True,1,0.0010234889570310789,0.042932979501457275,4.293297950145727,0.9767158510925953,0.02328414890740466,1,,
yolov8n_ft,640,native10,tiny,matrix9_mean_including_S1T1,aggregate,S1T1,0.04395646845848835,True,9,0.02182102792338834,0.02213544053510001,2.213544053510001,0.5035764089192992,0.4964235910807008,9,,
yolov8n_ft,640,native10,tiny,corrupted8_mean_excluding_S1T1,aggregate,S1T1,0.04395646845848835,True,8,0.019054097856500838,0.024902370601987512,2.4902370601987514,0.5665234600342117,0.4334765399657883,8,,
yolov8n_ft,640,native10,tiny,corrupted8_worst_excluding_S1T1,aggregate,S1T1,0.04395646845848835,True,8,0.0010234889570310789,0.042932979501457275,4.293297950145727,0.9767158510925953,0.02328414890740466,8,,S3T3
yolov8n_zero_shot,640,common6,all,condition,CLEAN,S1T1,0.07980727915177803,True,1,0.08003270960715854,-0.00022543045538050976,-0.022543045538050976,-0.002824685389308801,1.0028246853893088,1,,
yolov8n_zero_shot,640,common6,all,condition,S1T1,S1T1,0.07980727915177803,True,1,0.07980727915177803,0.0,0.0,0.0,1.0,1,,
yolov8n_zero_shot,640,common6,all,condition,S1T2,S1T1,0.07980727915177803,True,1,0.070899660301677,0.008907618850101023,0.8907618850101023,0.11161411521323072,0.8883858847867693,1,,
yolov8n_zero_shot,640,common6,all,condition,S1T3,S1T1,0.07980727915177803,True,1,0.0341026650433335,0.04570461410844453,4.570461410844453,0.5726872860998453,0.42731271390015463,1,,
yolov8n_zero_shot,640,common6,all,condition,S2T1,S1T1,0.07980727915177803,True,1,0.06306922185176891,0.016738057300009115,1.6738057300009115,0.20973096035734484,0.7902690396426552,1,,
yolov8n_zero_shot,640,common6,all,condition,S2T2,S1T1,0.07980727915177803,True,1,0.05484562883144043,0.0249616503203376,2.49616503203376,0.312774105139775,0.687225894860225,1,,
yolov8n_zero_shot,640,common6,all,condition,S2T3,S1T1,0.07980727915177803,True,1,0.02254140762027651,0.05726587153150152,5.7265871531501515,0.7175519844824292,0.28244801551757087,1,,
yolov8n_zero_shot,640,common6,all,condition,S3T1,S1T1,0.07980727915177803,True,1,0.0713200378430966,0.008487241308681434,0.8487241308681435,0.10634670670253454,0.8936532932974655,1,,
yolov8n_zero_shot,640,common6,all,condition,S3T2,S1T1,0.07980727915177803,True,1,0.06298935827918674,0.01681792087259129,1.681792087259129,0.21073166572446167,0.7892683342755383,1,,
yolov8n_zero_shot,640,common6,all,condition,S3T3,S1T1,0.07980727915177803,True,1,0.02464244484595925,0.05516483430581878,5.516483430581879,0.6912255986187165,0.30877440138128354,1,,
yolov8n_zero_shot,640,common6,all,matrix9_mean_including_S1T1,aggregate,S1T1,0.07980727915177803,True,9,0.05380196708539078,0.026005312066387253,2.6005312066387254,0.3258513802598153,0.6741486197401847,9,,
yolov8n_zero_shot,640,common6,all,corrupted8_mean_excluding_S1T1,aggregate,S1T1,0.07980727915177803,True,8,0.050551303077092366,0.029255976074685663,2.9255976074685663,0.3665828027922923,0.6334171972077077,8,,
yolov8n_zero_shot,640,common6,all,corrupted8_worst_excluding_S1T1,aggregate,S1T1,0.07980727915177803,True,8,0.02254140762027651,0.05726587153150152,5.7265871531501515,0.7175519844824292,0.28244801551757087,8,,S2T3
yolov8n_zero_shot,640,common6,coco_small,condition,CLEAN,S1T1,0.02415141138583329,True,1,0.02440547954149631,-0.0002540681556630203,-0.025406815566302032,-0.010519805720838882,1.0105198057208389,1,,
yolov8n_zero_shot,640,common6,coco_small,condition,S1T1,S1T1,0.02415141138583329,True,1,0.02415141138583329,0.0,0.0,0.0,1.0,1,,
yolov8n_zero_shot,640,common6,coco_small,condition,S1T2,S1T1,0.02415141138583329,True,1,0.01945654578772503,0.00469486559810826,0.46948655981082604,0.19439301178324386,0.8056069882167561,1,,
yolov8n_zero_shot,640,common6,coco_small,condition,S1T3,S1T1,0.02415141138583329,True,1,0.003232163831194642,0.02091924755463865,2.091924755463865,0.8661708096657836,0.1338291903342163,1,,
yolov8n_zero_shot,640,common6,coco_small,condition,S2T1,S1T1,0.02415141138583329,True,1,0.016574192100297154,0.007577219285536136,0.7577219285536136,0.3137381565195305,0.6862618434804695,1,,
yolov8n_zero_shot,640,common6,coco_small,condition,S2T2,S1T1,0.02415141138583329,True,1,0.013636992880767225,0.010514418505066065,1.0514418505066065,0.43535420506453715,0.5646457949354629,1,,
yolov8n_zero_shot,640,common6,coco_small,condition,S2T3,S1T1,0.02415141138583329,True,1,0.002177752546594465,0.021973658839238824,2.1973658839238825,0.9098291809201723,0.09017081907982771,1,,
yolov8n_zero_shot,640,common6,coco_small,condition,S3T1,S1T1,0.02415141138583329,True,1,0.02210916191466471,0.0020422494711685793,0.20422494711685793,0.08456025358279973,0.9154397464172003,1,,
yolov8n_zero_shot,640,common6,coco_small,condition,S3T2,S1T1,0.02415141138583329,True,1,0.018491397002898556,0.005660014382934734,0.5660014382934734,0.23435542927544095,0.765644570724559,1,,
yolov8n_zero_shot,640,common6,coco_small,condition,S3T3,S1T1,0.02415141138583329,True,1,0.0027544520487892223,0.021396959337044066,2.139695933704407,0.8859506798677229,0.11404932013227707,1,,
yolov8n_zero_shot,640,common6,coco_small,matrix9_mean_including_S1T1,aggregate,S1T1,0.02415141138583329,True,9,0.013620452166529367,0.010530959219303923,1.0530959219303924,0.4360390807421368,0.5639609192578632,9,,
yolov8n_zero_shot,640,common6,coco_small,corrupted8_mean_excluding_S1T1,aggregate,S1T1,0.02415141138583329,True,8,0.012304082264116376,0.011847329121716915,1.1847329121716914,0.4905439658349039,0.5094560341650961,8,,
yolov8n_zero_shot,640,common6,coco_small,corrupted8_worst_excluding_S1T1,aggregate,S1T1,0.02415141138583329,True,8,0.002177752546594465,0.021973658839238824,2.1973658839238825,0.9098291809201723,0.09017081907982771,8,,S2T3
yolov8n_zero_shot,640,common6,large,condition,CLEAN,S1T1,0.4630293081821456,True,1,0.4646319972665352,-0.001602689084389597,-0.1602689084389597,-0.0034613123965776538,1.0034613123965777,1,,
yolov8n_zero_shot,640,common6,large,condition,S1T1,S1T1,0.4630293081821456,True,1,0.4630293081821456,0.0,0.0,0.0,1.0,1,,
yolov8n_zero_shot,640,common6,large,condition,S1T2,S1T1,0.4630293081821456,True,1,0.41409856564313796,0.04893074253900764,4.893074253900764,0.10567526001995398,0.894324739980046,1,,
yolov8n_zero_shot,640,common6,large,condition,S1T3,S1T1,0.4630293081821456,True,1,0.2916536428039512,0.17137566537819443,17.137566537819442,0.3701183971507458,0.6298816028492542,1,,
yolov8n_zero_shot,640,common6,large,condition,S2T1,S1T1,0.4630293081821456,True,1,0.41109638726655295,0.05193292091559265,5.193292091559265,0.11215903615147271,0.8878409638485273,1,,
yolov8n_zero_shot,640,common6,large,condition,S2T2,S1T1,0.4630293081821456,True,1,0.3722702271870834,0.09075908099506219,9.075908099506218,0.196011525385688,0.803988474614312,1,,
yolov8n_zero_shot,640,common6,large,condition,S2T3,S1T1,0.4630293081821456,True,1,0.22880583897909837,0.23422346920304724,23.422346920304722,0.505850202274688,0.4941497977253119,1,,
yolov8n_zero_shot,640,common6,large,condition,S3T1,S1T1,0.4630293081821456,True,1,0.40926869325915816,0.05376061492298745,5.376061492298745,0.11610628954363988,0.8838937104563601,1,,
yolov8n_zero_shot,640,common6,large,condition,S3T2,S1T1,0.4630293081821456,True,1,0.3961447719892859,0.06688453619285972,6.688453619285973,0.14444989768671146,0.8555501023132885,1,,
yolov8n_zero_shot,640,common6,large,condition,S3T3,S1T1,0.4630293081821456,True,1,0.2416271881846641,0.2214021199974815,22.14021199974815,0.47816005614570456,0.5218399438542954,1,,
yolov8n_zero_shot,640,common6,large,matrix9_mean_including_S1T1,aggregate,S1T1,0.4630293081821456,True,9,0.3586660692772308,0.10436323890491478,10.436323890491478,0.225392296039845,0.774607703960155,9,,
yolov8n_zero_shot,640,common6,large,corrupted8_mean_excluding_S1T1,aggregate,S1T1,0.4630293081821456,True,8,0.3456206644141165,0.11740864376802912,11.740864376802913,0.25356633304482556,0.7464336669551744,8,,
yolov8n_zero_shot,640,common6,large,corrupted8_worst_excluding_S1T1,aggregate,S1T1,0.4630293081821456,True,8,0.22880583897909837,0.23422346920304724,23.422346920304722,0.505850202274688,0.4941497977253119,8,,S2T3
yolov8n_zero_shot,640,common6,medium,condition,CLEAN,S1T1,0.13002256390814138,True,1,0.13021849798282895,-0.0001959340746875704,-0.01959340746875704,-0.0015069236353930648,1.001506923635393,1,,
yolov8n_zero_shot,640,common6,medium,condition,S1T1,S1T1,0.13002256390814138,True,1,0.13002256390814138,0.0,0.0,0.0,1.0,1,,
yolov8n_zero_shot,640,common6,medium,condition,S1T2,S1T1,0.13002256390814138,True,1,0.11555896810704408,0.014463595801097295,1.4463595801097295,0.11123912162903948,0.8887608783709605,1,,
yolov8n_zero_shot,640,common6,medium,condition,S1T3,S1T1,0.13002256390814138,True,1,0.04434449669502342,0.08567806721311796,8.567806721311797,0.6589476829086987,0.3410523170913013,1,,
yolov8n_zero_shot,640,common6,medium,condition,S2T1,S1T1,0.13002256390814138,True,1,0.10046990466438918,0.029552659243752194,2.9552659243752193,0.22728869786501538,0.7727113021349846,1,,
yolov8n_zero_shot,640,common6,medium,condition,S2T2,S1T1,0.13002256390814138,True,1,0.08794334014310651,0.04207922376503487,4.207922376503487,0.323630164644062,0.676369835355938,1,,
yolov8n_zero_shot,640,common6,medium,condition,S2T3,S1T1,0.13002256390814138,True,1,0.030417306706711528,0.09960525720142985,9.960525720142984,0.7660613220317605,0.23393867796823953,1,,
yolov8n_zero_shot,640,common6,medium,condition,S3T1,S1T1,0.13002256390814138,True,1,0.11497691433475689,0.015045649573384487,1.5045649573384487,0.11571568134907695,0.884284318650923,1,,
yolov8n_zero_shot,640,common6,medium,condition,S3T2,S1T1,0.13002256390814138,True,1,0.10038622196721664,0.029636341940924738,2.9636341940924735,0.2279322992112529,0.7720677007887471,1,,
yolov8n_zero_shot,640,common6,medium,condition,S3T3,S1T1,0.13002256390814138,True,1,0.03680408731624869,0.09321847659189268,9.321847659189268,0.7169407662023175,0.28305923379768244,1,,
yolov8n_zero_shot,640,common6,medium,matrix9_mean_including_S1T1,aggregate,S1T1,0.13002256390814138,True,9,0.0845470893158487,0.045475474592292675,4.547547459229268,0.34975063731569156,0.6502493626843084,9,,
yolov8n_zero_shot,640,common6,medium,corrupted8_mean_excluding_S1T1,aggregate,S1T1,0.13002256390814138,True,8,0.07886265499181212,0.05115990891632925,5.115990891632925,0.39346946698015295,0.606530533019847,8,,
yolov8n_zero_shot,640,common6,medium,corrupted8_worst_excluding_S1T1,aggregate,S1T1,0.13002256390814138,True,8,0.030417306706711528,0.09960525720142985,9.960525720142984,0.7660613220317605,0.23393867796823953,8,,S2T3
yolov8n_zero_shot,640,common6,small,condition,CLEAN,S1T1,0.038057521242472095,True,1,0.038471651025203314,-0.0004141297827312193,-0.04141297827312193,-0.010881680393547422,1.0108816803935474,1,,
yolov8n_zero_shot,640,common6,small,condition,S1T1,S1T1,0.038057521242472095,True,1,0.038057521242472095,0.0,0.0,0.0,1.0,1,,
yolov8n_zero_shot,640,common6,small,condition,S1T2,S1T1,0.038057521242472095,True,1,0.030495981104064762,0.007561540138407333,0.7561540138407332,0.19868714229261664,0.8013128577073834,1,,
yolov8n_zero_shot,640,common6,small,condition,S1T3,S1T1,0.038057521242472095,True,1,0.004881262208901806,0.033176259033570285,3.3176259033570283,0.8717398808555527,0.12826011914444735,1,,
yolov8n_zero_shot,640,common6,small,condition,S2T1,S1T1,0.038057521242472095,True,1,0.025737052399121475,0.01232046884335062,1.232046884335062,0.32373282444892937,0.6762671755510706,1,,
yolov8n_zero_shot,640,common6,small,condition,S2T2,S1T1,0.038057521242472095,True,1,0.02145826760276592,0.016599253639706175,1.6599253639706175,0.4361622380487947,0.5638377619512053,1,,
yolov8n_zero_shot,640,common6,small,condition,S2T3,S1T1,0.038057521242472095,True,1,0.002956996648046919,0.03510052459442518,3.5100524594425178,0.9223019116456035,0.07769808835439651,1,,
yolov8n_zero_shot,640,common6,small,condition,S3T1,S1T1,0.038057521242472095,True,1,0.03423754526280413,0.003819975979667968,0.3819975979667968,0.10037374623875617,0.8996262537612438,1,,
yolov8n_zero_shot,640,common6,small,condition,S3T2,S1T1,0.038057521242472095,True,1,0.0288598001677516,0.009197721074720496,0.9197721074720496,0.24167945715959727,0.7583205428404027,1,,
yolov8n_zero_shot,640,common6,small,condition,S3T3,S1T1,0.038057521242472095,True,1,0.003786581423003718,0.034270939819468375,3.4270939819468373,0.9005037296339231,0.09949627036607689,1,,
yolov8n_zero_shot,640,common6,small,matrix9_mean_including_S1T1,aggregate,S1T1,0.038057521242472095,True,9,0.02116344533988138,0.016894075902590715,1.6894075902590715,0.443908992258197,0.556091007741803,9,,
yolov8n_zero_shot,640,common6,small,corrupted8_mean_excluding_S1T1,aggregate,S1T1,0.038057521242472095,True,8,0.01905168585205754,0.019005835390414554,1.9005835390414554,0.49939761629047164,0.5006023837095284,8,,
yolov8n_zero_shot,640,common6,small,corrupted8_worst_excluding_S1T1,aggregate,S1T1,0.038057521242472095,True,8,0.002956996648046919,0.03510052459442518,3.5100524594425178,0.9223019116456035,0.07769808835439651,8,,S2T3
yolov8n_zero_shot,640,common6,tiny,condition,CLEAN,S1T1,0.005009930413896419,True,1,0.005139040979522628,-0.00012911056562620905,-0.012911056562620905,-0.02577092992511143,1.0257709299251114,1,,
yolov8n_zero_shot,640,common6,tiny,condition,S1T1,S1T1,0.005009930413896419,True,1,0.005009930413896419,0.0,0.0,0.0,1.0,1,,
yolov8n_zero_shot,640,common6,tiny,condition,S1T2,S1T1,0.005009930413896419,True,1,0.0035847024521068003,0.0014252279617896187,0.14252279617896188,0.2844805903563764,0.7155194096436236,1,,
yolov8n_zero_shot,640,common6,tiny,condition,S1T3,S1T1,0.005009930413896419,True,1,0.0005720133014959684,0.0044379171124004505,0.4437917112400451,0.8858241024846708,0.11417589751532921,1,,
yolov8n_zero_shot,640,common6,tiny,condition,S2T1,S1T1,0.005009930413896419,True,1,0.004125856955634598,0.0008840734582618208,0.08840734582618208,0.1764642191056387,0.8235357808943613,1,,
yolov8n_zero_shot,640,common6,tiny,condition,S2T2,S1T1,0.005009930413896419,True,1,0.0026876901185108847,0.0023222402953855343,0.23222402953855342,0.4635274551806473,0.5364725448193527,1,,
yolov8n_zero_shot,640,common6,tiny,condition,S2T3,S1T1,0.005009930413896419,True,1,0.000397958400491212,0.004611972013405207,0.4611972013405207,0.9205660822379159,0.07943391776208408,1,,
yolov8n_zero_shot,640,common6,tiny,condition,S3T1,S1T1,0.005009930413896419,True,1,0.004526744571327978,0.0004831858425684409,0.04831858425684409,0.09644561952960307,0.9035543804703969,1,,
yolov8n_zero_shot,640,common6,tiny,condition,S3T2,S1T1,0.005009930413896419,True,1,0.0031113701822079154,0.0018985602316885035,0.18985602316885036,0.37895940159614294,0.6210405984038571,1,,
yolov8n_zero_shot,640,common6,tiny,condition,S3T3,S1T1,0.005009930413896419,True,1,0.00015854786894390857,0.004851382544952511,0.48513825449525105,0.9683532792183834,0.03164672078161654,1,,
yolov8n_zero_shot,640,common6,tiny,matrix9_mean_including_S1T1,aggregate,S1T1,0.005009930413896419,True,9,0.002686090473846187,0.002323839940050232,0.2323839940050232,0.4638467499677088,0.5361532500322912,9,,
yolov8n_zero_shot,640,common6,tiny,corrupted8_mean_excluding_S1T1,aggregate,S1T1,0.005009930413896419,True,8,0.0023956104813399083,0.0026143199325565107,0.2614319932556511,0.5218275937136723,0.4781724062863277,8,,
yolov8n_zero_shot,640,common6,tiny,corrupted8_worst_excluding_S1T1,aggregate,S1T1,0.005009930413896419,True,8,0.00015854786894390857,0.004851382544952511,0.48513825449525105,0.9683532792183834,0.03164672078161654,8,,S3T3
yolov8s_ft,1280,common6,all,condition,CLEAN,S1T1,0.40091675519341446,True,1,0.40065851389844054,0.00025824129497392656,0.025824129497392656,0.0006441269705711461,0.9993558730294289,1,,
yolov8s_ft,1280,common6,all,condition,S1T1,S1T1,0.40091675519341446,True,1,0.40091675519341446,0.0,0.0,0.0,1.0,1,,
yolov8s_ft,1280,common6,all,condition,S1T2,S1T1,0.40091675519341446,True,1,0.29604203156295394,0.10487472363046052,10.487472363046052,0.2615872803317132,0.7384127196682868,1,,
yolov8s_ft,1280,common6,all,condition,S1T3,S1T1,0.40091675519341446,True,1,0.06871319494910458,0.33220356024430986,33.220356024430984,0.828609819721914,0.171390180278086,1,,
yolov8s_ft,1280,common6,all,condition,S2T1,S1T1,0.40091675519341446,True,1,0.3337931944290475,0.06712356076436699,6.7123560764366985,0.16742518214781155,0.8325748178521885,1,,
yolov8s_ft,1280,common6,all,condition,S2T2,S1T1,0.40091675519341446,True,1,0.23776555095396934,0.16315120423944512,16.315120423944514,0.40694533746970996,0.59305466253029,1,,
yolov8s_ft,1280,common6,all,condition,S2T3,S1T1,0.40091675519341446,True,1,0.05423218964948366,0.3466845655439308,34.66845655439308,0.8647295505938124,0.13527044940618757,1,,
yolov8s_ft,1280,common6,all,condition,S3T1,S1T1,0.40091675519341446,True,1,0.35233015066212336,0.0485866045312911,4.85866045312911,0.12118876026483716,0.8788112397351628,1,,
yolov8s_ft,1280,common6,all,condition,S3T2,S1T1,0.40091675519341446,True,1,0.2591867276180153,0.14173002757539915,14.173002757539916,0.3535148524960606,0.6464851475039394,1,,
yolov8s_ft,1280,common6,all,condition,S3T3,S1T1,0.40091675519341446,True,1,0.0437743948630123,0.35714236033040214,35.714236033040216,0.8908142543409188,0.10918574565908128,1,,
yolov8s_ft,1280,common6,all,matrix9_mean_including_S1T1,aggregate,S1T1,0.40091675519341446,True,9,0.22741713220901383,0.17349962298440064,17.349962298440065,0.4327572263740864,0.5672427736259136,9,,
yolov8s_ft,1280,common6,all,corrupted8_mean_excluding_S1T1,aggregate,S1T1,0.40091675519341446,True,8,0.20572967933596376,0.1951870758574507,19.51870758574507,0.4868518796708472,0.5131481203291528,8,,
yolov8s_ft,1280,common6,all,corrupted8_worst_excluding_S1T1,aggregate,S1T1,0.40091675519341446,True,8,0.0437743948630123,0.35714236033040214,35.714236033040216,0.8908142543409188,0.10918574565908128,8,,S3T3
yolov8s_ft,1280,common6,coco_small,condition,CLEAN,S1T1,0.28293876427708037,True,1,0.2836723871369243,-0.0007336228598439076,-0.07336228598439076,-0.002592867971691115,1.0025928679716911,1,,
yolov8s_ft,1280,common6,coco_small,condition,S1T1,S1T1,0.28293876427708037,True,1,0.28293876427708037,0.0,0.0,0.0,1.0,1,,
yolov8s_ft,1280,common6,coco_small,condition,S1T2,S1T1,0.28293876427708037,True,1,0.16999905527553968,0.11293970900154068,11.293970900154068,0.39916661575201995,0.60083338424798,1,,
yolov8s_ft,1280,common6,coco_small,condition,S1T3,S1T1,0.28293876427708037,True,1,0.010986158035075697,0.2719526062420047,27.19526062420047,0.9611712517966714,0.03882874820332859,1,,
yolov8s_ft,1280,common6,coco_small,condition,S2T1,S1T1,0.28293876427708037,True,1,0.21813011087840592,0.06480865339867445,6.480865339867445,0.22905540555484893,0.7709445944451511,1,,
yolov8s_ft,1280,common6,coco_small,condition,S2T2,S1T1,0.28293876427708037,True,1,0.12419916310190153,0.15873960117517882,15.873960117517882,0.5610387165603297,0.4389612834396703,1,,
yolov8s_ft,1280,common6,coco_small,condition,S2T3,S1T1,0.28293876427708037,True,1,0.006653026259900185,0.2762857380171802,27.62857380171802,0.9764859853088744,0.02351401469112558,1,,
yolov8s_ft,1280,common6,coco_small,condition,S3T1,S1T1,0.28293876427708037,True,1,0.252745586861307,0.030193177415773376,3.0193177415773373,0.10671276342398017,0.8932872365760198,1,,
yolov8s_ft,1280,common6,coco_small,condition,S3T2,S1T1,0.28293876427708037,True,1,0.14888455193604813,0.13405421234103224,13.405421234103224,0.47379231574558545,0.5262076842544146,1,,
yolov8s_ft,1280,common6,coco_small,condition,S3T3,S1T1,0.28293876427708037,True,1,0.005237408879510611,0.27770135539756974,27.770135539756975,0.9814892494745554,0.018510750525444597,1,,
yolov8s_ft,1280,common6,coco_small,matrix9_mean_including_S1T1,aggregate,S1T1,0.28293876427708037,True,9,0.13553042505608548,0.1474083392209949,14.740833922099489,0.5209902559574294,0.4790097440425706,9,,
yolov8s_ft,1280,common6,coco_small,corrupted8_mean_excluding_S1T1,aggregate,S1T1,0.28293876427708037,True,8,0.1171043826534611,0.16583438162361927,16.583438162361926,0.5861140379521081,0.41388596204789185,8,,
yolov8s_ft,1280,common6,coco_small,corrupted8_worst_excluding_S1T1,aggregate,S1T1,0.28293876427708037,True,8,0.005237408879510611,0.27770135539756974,27.770135539756975,0.9814892494745554,0.018510750525444597,8,,S3T3
yolov8s_ft,1280,common6,large,condition,CLEAN,S1T1,0.585408745602986,True,1,0.5858938166699029,-0.00048507106691697555,-0.048507106691697555,-0.000828602357857422,1.0008286023578574,1,,
yolov8s_ft,1280,common6,large,condition,S1T1,S1T1,0.585408745602986,True,1,0.585408745602986,0.0,0.0,0.0,1.0,1,,
yolov8s_ft,1280,common6,large,condition,S1T2,S1T1,0.585408745602986,True,1,0.564693555020155,0.020715190582831,2.0715190582831,0.035385857724919756,0.9646141422750802,1,,
yolov8s_ft,1280,common6,large,condition,S1T3,S1T1,0.585408745602986,True,1,0.32166740693498486,0.2637413386680011,26.374133866800108,0.45052510856553873,0.5494748914344613,1,,
yolov8s_ft,1280,common6,large,condition,S2T1,S1T1,0.585408745602986,True,1,0.5021687555095706,0.08323999009341532,8.32399900934153,0.14219123085986018,0.8578087691401398,1,,
yolov8s_ft,1280,common6,large,condition,S2T2,S1T1,0.585408745602986,True,1,0.4859545710339205,0.09945417456906547,9.945417456906547,0.1698884331948699,0.8301115668051301,1,,
yolov8s_ft,1280,common6,large,condition,S2T3,S1T1,0.585408745602986,True,1,0.26045600112557055,0.3249527444774154,32.49527444774154,0.555086931854265,0.444913068145735,1,,
yolov8s_ft,1280,common6,large,condition,S3T1,S1T1,0.585408745602986,True,1,0.5270154804216189,0.058393265181367005,5.8393265181367005,0.09974785245345186,0.9002521475465481,1,,
yolov8s_ft,1280,common6,large,condition,S3T2,S1T1,0.585408745602986,True,1,0.5269126986965383,0.05849604690644761,5.84960469064476,0.09992342503560514,0.9000765749643949,1,,
yolov8s_ft,1280,common6,large,condition,S3T3,S1T1,0.585408745602986,True,1,0.23615301848596965,0.3492557271170163,34.92557271170163,0.5966014852703883,0.40339851472961175,1,,
yolov8s_ft,1280,common6,large,matrix9_mean_including_S1T1,aggregate,S1T1,0.585408745602986,True,9,0.4456033592034794,0.13980538639950657,13.980538639950657,0.238816702773211,0.761183297226789,9,,
yolov8s_ft,1280,common6,large,corrupted8_mean_excluding_S1T1,aggregate,S1T1,0.585408745602986,True,8,0.42812768590354106,0.1572810596994449,15.728105969944489,0.2686687906198624,0.7313312093801376,8,,
yolov8s_ft,1280,common6,large,corrupted8_worst_excluding_S1T1,aggregate,S1T1,0.585408745602986,True,8,0.23615301848596965,0.3492557271170163,34.92557271170163,0.5966014852703883,0.40339851472961175,8,,S3T3
yolov8s_ft,1280,common6,medium,condition,CLEAN,S1T1,0.5412663619897243,True,1,0.5404270201079152,0.0008393418818091192,0.08393418818091192,0.0015507002480694698,0.9984492997519305,1,,
yolov8s_ft,1280,common6,medium,condition,S1T1,S1T1,0.5412663619897243,True,1,0.5412663619897243,0.0,0.0,0.0,1.0,1,,
yolov8s_ft,1280,common6,medium,condition,S1T2,S1T1,0.5412663619897243,True,1,0.44132114313805215,0.09994521885167218,9.994521885167218,0.18465071149862,0.81534928850138,1,,
yolov8s_ft,1280,common6,medium,condition,S1T3,S1T1,0.5412663619897243,True,1,0.10874553355344119,0.43252082843628314,43.252082843628315,0.7990905380602505,0.20090946193974948,1,,
yolov8s_ft,1280,common6,medium,condition,S2T1,S1T1,0.5412663619897243,True,1,0.4692474532934822,0.07201890869624211,7.201890869624211,0.13305631709958243,0.8669436829004176,1,,
yolov8s_ft,1280,common6,medium,condition,S2T2,S1T1,0.5412663619897243,True,1,0.3736875537550998,0.1675788082346245,16.75788082346245,0.30960506693709133,0.6903949330629087,1,,
yolov8s_ft,1280,common6,medium,condition,S2T3,S1T1,0.5412663619897243,True,1,0.08632710294298183,0.4549392590467425,45.49392590467425,0.8405090192088813,0.15949098079111873,1,,
yolov8s_ft,1280,common6,medium,condition,S3T1,S1T1,0.5412663619897243,True,1,0.4639527856043734,0.07731357638535091,7.7313576385350915,0.14283831735107655,0.8571616826489235,1,,
yolov8s_ft,1280,common6,medium,condition,S3T2,S1T1,0.5412663619897243,True,1,0.3863511327536957,0.15491522923602863,15.491522923602863,0.28620886150499336,0.7137911384950066,1,,
yolov8s_ft,1280,common6,medium,condition,S3T3,S1T1,0.5412663619897243,True,1,0.07654310371660236,0.464723258273122,46.4723258273122,0.8585851457030771,0.14141485429692285,1,,
yolov8s_ft,1280,common6,medium,matrix9_mean_including_S1T1,aggregate,S1T1,0.5412663619897243,True,9,0.3274935745274948,0.21377278746222955,21.377278746222956,0.39494933081817474,0.6050506691818253,9,,
yolov8s_ft,1280,common6,medium,corrupted8_mean_excluding_S1T1,aggregate,S1T1,0.5412663619897243,True,8,0.30077197609471606,0.24049438589500827,24.049438589500827,0.4443179971704466,0.5556820028295534,8,,
yolov8s_ft,1280,common6,medium,corrupted8_worst_excluding_S1T1,aggregate,S1T1,0.5412663619897243,True,8,0.07654310371660236,0.464723258273122,46.4723258273122,0.8585851457030771,0.14141485429692285,8,,S3T3
yolov8s_ft,1280,common6,small,condition,CLEAN,S1T1,0.35753525109658774,True,1,0.35811653569042484,-0.0005812845938371058,-0.058128459383710585,-0.001625810579668041,1.001625810579668,1,,
yolov8s_ft,1280,common6,small,condition,S1T1,S1T1,0.35753525109658774,True,1,0.35753525109658774,0.0,0.0,0.0,1.0,1,,
yolov8s_ft,1280,common6,small,condition,S1T2,S1T1,0.35753525109658774,True,1,0.23376049594914544,0.1237747551474423,12.37747551474423,0.3461889555444274,0.6538110444555726,1,,
yolov8s_ft,1280,common6,small,condition,S1T3,S1T1,0.35753525109658774,True,1,0.01736919237439248,0.34016605872219524,34.01660587221952,0.9514196367459716,0.04858036325402838,1,,
yolov8s_ft,1280,common6,small,condition,S2T1,S1T1,0.35753525109658774,True,1,0.2844769779615733,0.07305827313501445,7.305827313501445,0.20433865726788947,0.7956613427321105,1,,
yolov8s_ft,1280,common6,small,condition,S2T2,S1T1,0.35753525109658774,True,1,0.17880703214560445,0.1787282189509833,17.87282189509833,0.4998897826237001,0.5001102173762999,1,,
yolov8s_ft,1280,common6,small,condition,S2T3,S1T1,0.35753525109658774,True,1,0.010240523106877324,0.3472947279897104,34.72947279897104,0.9713580043493086,0.028641995650691403,1,,
yolov8s_ft,1280,common6,small,condition,S3T1,S1T1,0.35753525109658774,True,1,0.31743718472202925,0.04009806637455848,4.009806637455848,0.1121513647999034,0.8878486352000966,1,,
yolov8s_ft,1280,common6,small,condition,S3T2,S1T1,0.35753525109658774,True,1,0.20445182952046842,0.15308342157611932,15.308342157611932,0.4281631562387229,0.5718368437612771,1,,
yolov8s_ft,1280,common6,small,condition,S3T3,S1T1,0.35753525109658774,True,1,0.007991604899890937,0.3495436461966968,34.95436461966968,0.977648064420557,0.022351935579443087,1,,
yolov8s_ft,1280,common6,small,matrix9_mean_including_S1T1,aggregate,S1T1,0.35753525109658774,True,9,0.17911889908628548,0.17841635201030226,17.841635201030225,0.49901751355449786,0.5009824864455021,9,,
yolov8s_ft,1280,common6,small,corrupted8_mean_excluding_S1T1,aggregate,S1T1,0.35753525109658774,True,8,0.1568168550849977,0.20071839601159003,20.071839601159002,0.56139470274881,0.43860529725118996,8,,
yolov8s_ft,1280,common6,small,corrupted8_worst_excluding_S1T1,aggregate,S1T1,0.35753525109658774,True,8,0.007991604899890937,0.3495436461966968,34.95436461966968,0.977648064420557,0.022351935579443087,8,,S3T3
yolov8s_ft,1280,common6,tiny,condition,CLEAN,S1T1,0.1522563045948296,True,1,0.1512548836894287,0.0010014209054009238,0.10014209054009238,0.006577204852474372,0.9934227951475256,1,,
yolov8s_ft,1280,common6,tiny,condition,S1T1,S1T1,0.1522563045948296,True,1,0.1522563045948296,0.0,0.0,0.0,1.0,1,,
yolov8s_ft,1280,common6,tiny,condition,S1T2,S1T1,0.1522563045948296,True,1,0.0696103790168547,0.08264592557797491,8.264592557797492,0.5428079040661378,0.4571920959338623,1,,
yolov8s_ft,1280,common6,tiny,condition,S1T3,S1T1,0.1522563045948296,True,1,0.001131740633016106,0.1511245639618135,15.11245639618135,0.9925668717888051,0.007433128211194862,1,,
yolov8s_ft,1280,common6,tiny,condition,S2T1,S1T1,0.1522563045948296,True,1,0.10771848468359314,0.04453781991123647,4.4537819911236465,0.2925187238042877,0.7074812761957123,1,,
yolov8s_ft,1280,common6,tiny,condition,S2T2,S1T1,0.1522563045948296,True,1,0.03880656702796214,0.11344973756686746,11.344973756686747,0.745123414552648,0.254876585447352,1,,
yolov8s_ft,1280,common6,tiny,condition,S2T3,S1T1,0.1522563045948296,True,1,0.0015388833573705889,0.15071742123745901,15.071742123745901,0.9898928102749787,0.01010718972502139,1,,
yolov8s_ft,1280,common6,tiny,condition,S3T1,S1T1,0.1522563045948296,True,1,0.1385683578640381,0.013687946730791517,1.3687946730791518,0.08990068928322292,0.9100993107167771,1,,
yolov8s_ft,1280,common6,tiny,condition,S3T2,S1T1,0.1522563045948296,True,1,0.060748861455967175,0.09150744313886244,9.150744313886245,0.6010092218011831,0.39899077819881695,1,,
yolov8s_ft,1280,common6,tiny,condition,S3T3,S1T1,0.1522563045948296,True,1,0.00046535529728677363,0.15179094929754283,15.179094929754283,0.9969436057276897,0.0030563942723103262,1,,
yolov8s_ft,1280,common6,tiny,matrix9_mean_including_S1T1,aggregate,S1T1,0.1522563045948296,True,9,0.06342721488121314,0.08882908971361647,8.882908971361648,0.583418137922106,0.4165818620778941,9,,
yolov8s_ft,1280,common6,tiny,corrupted8_mean_excluding_S1T1,aggregate,S1T1,0.1522563045948296,True,8,0.05232357866701109,0.09993272592781852,9.993272592781851,0.6563454051623692,0.3436545948376309,8,,
yolov8s_ft,1280,common6,tiny,corrupted8_worst_excluding_S1T1,aggregate,S1T1,0.1522563045948296,True,8,0.00046535529728677363,0.15179094929754283,15.179094929754283,0.9969436057276897,0.0030563942723103262,8,,S3T3
yolov8s_ft,1280,native10,all,condition,CLEAN,S1T1,0.3485613376570032,True,1,0.3479511081974377,0.0006102294595655144,0.061022945956551444,0.001750708967516057,0.9982492910324839,1,,
yolov8s_ft,1280,native10,all,condition,S1T1,S1T1,0.3485613376570032,True,1,0.3485613376570032,0.0,0.0,0.0,1.0,1,,
yolov8s_ft,1280,native10,all,condition,S1T2,S1T1,0.3485613376570032,True,1,0.25482447046257334,0.09373686719442986,9.373686719442986,0.2689250271545328,0.7310749728454672,1,,
yolov8s_ft,1280,native10,all,condition,S1T3,S1T1,0.3485613376570032,True,1,0.0527953130442569,0.2957660246127463,29.576602461274632,0.8485336514969157,0.15146634850308432,1,,
yolov8s_ft,1280,native10,all,condition,S2T1,S1T1,0.3485613376570032,True,1,0.28785695555723795,0.06070438209976525,6.070438209976525,0.174156957589773,0.825843042410227,1,,
yolov8s_ft,1280,native10,all,condition,S2T2,S1T1,0.3485613376570032,True,1,0.1987085644228708,0.1498527732341324,14.985277323413241,0.42991794282587037,0.5700820571741296,1,,
yolov8s_ft,1280,native10,all,condition,S2T3,S1T1,0.3485613376570032,True,1,0.03989134318289324,0.30866999447411,30.866999447410997,0.8855543088885327,0.11444569111146728,1,,
yolov8s_ft,1280,native10,all,condition,S3T1,S1T1,0.3485613376570032,True,1,0.30077054521181307,0.04779079244519013,4.779079244519013,0.13710870163178557,0.8628912983682144,1,,
yolov8s_ft,1280,native10,all,condition,S3T2,S1T1,0.3485613376570032,True,1,0.21904397725818966,0.12951736039881354,12.951736039881354,0.37157695477478125,0.6284230452252187,1,,
yolov8s_ft,1280,native10,all,condition,S3T3,S1T1,0.3485613376570032,True,1,0.03483438366407008,0.3137269539929331,31.37269539929331,0.9000623996389744,0.09993760036102557,1,,
yolov8s_ft,1280,native10,all,matrix9_mean_including_S1T1,aggregate,S1T1,0.3485613376570032,True,9,0.1930318767178787,0.1555294609391245,15.552946093912452,0.4462039937779073,0.5537960062220927,9,,
yolov8s_ft,1280,native10,all,corrupted8_mean_excluding_S1T1,aggregate,S1T1,0.3485613376570032,True,8,0.17359069410048814,0.17497064355651507,17.497064355651506,0.5019794930001458,0.4980205069998543,8,,
yolov8s_ft,1280,native10,all,corrupted8_worst_excluding_S1T1,aggregate,S1T1,0.3485613376570032,True,8,0.03483438366407008,0.3137269539929331,31.37269539929331,0.9000623996389744,0.09993760036102557,8,,S3T3
yolov8s_ft,1280,native10,coco_small,condition,CLEAN,S1T1,0.25417873582352535,True,1,0.2546479242936535,-0.0004691884701281679,-0.04691884701281679,-0.0018458997705217417,1.0018458997705217,1,,
yolov8s_ft,1280,native10,coco_small,condition,S1T1,S1T1,0.25417873582352535,True,1,0.25417873582352535,0.0,0.0,0.0,1.0,1,,
yolov8s_ft,1280,native10,coco_small,condition,S1T2,S1T1,0.25417873582352535,True,1,0.1515598507639042,0.10261888505962113,10.261888505962114,0.40372726194872877,0.5962727380512712,1,,
yolov8s_ft,1280,native10,coco_small,condition,S1T3,S1T1,0.25417873582352535,True,1,0.010115877700523824,0.24406285812300152,24.40628581230015,0.9602017152703631,0.03979828472963691,1,,
yolov8s_ft,1280,native10,coco_small,condition,S2T1,S1T1,0.25417873582352535,True,1,0.1986062446726526,0.05557249115087276,5.557249115087276,0.21863548487178086,0.7813645151282191,1,,
yolov8s_ft,1280,native10,coco_small,condition,S2T2,S1T1,0.25417873582352535,True,1,0.107221094302394,0.14695764152113133,14.695764152113133,0.578166545069148,0.42183345493085195,1,,
yolov8s_ft,1280,native10,coco_small,condition,S2T3,S1T1,0.25417873582352535,True,1,0.0055901253899467655,0.24858861043357858,24.85886104335786,0.9780071083765719,0.021992891623428143,1,,
yolov8s_ft,1280,native10,coco_small,condition,S3T1,S1T1,0.25417873582352535,True,1,0.2204527478301634,0.03372598799336196,3.3725987993361963,0.13268611114966633,0.8673138888503337,1,,
yolov8s_ft,1280,native10,coco_small,condition,S3T2,S1T1,0.25417873582352535,True,1,0.13030698616226033,0.12387174966126502,12.387174966126501,0.4873411194682642,0.5126588805317358,1,,
yolov8s_ft,1280,native10,coco_small,condition,S3T3,S1T1,0.25417873582352535,True,1,0.0052186874587902615,0.2489600483647351,24.89600483647351,0.9794684341241922,0.02053156587580781,1,,
yolov8s_ft,1280,native10,coco_small,matrix9_mean_including_S1T1,aggregate,S1T1,0.25417873582352535,True,9,0.12036115001157342,0.1338175858119519,13.381758581195191,0.5264704200309683,0.47352957996903167,9,,
yolov8s_ft,1280,native10,coco_small,corrupted8_mean_excluding_S1T1,aggregate,S1T1,0.25417873582352535,True,8,0.10363395178507942,0.15054478403844593,15.054478403844593,0.5922792225348394,0.4077207774651606,8,,
yolov8s_ft,1280,native10,coco_small,corrupted8_worst_excluding_S1T1,aggregate,S1T1,0.25417873582352535,True,8,0.0052186874587902615,0.2489600483647351,24.89600483647351,0.9794684341241922,0.02053156587580781,8,,S3T3
yolov8s_ft,1280,native10,large,condition,CLEAN,S1T1,0.4968792565222932,True,1,0.49867057352525845,-0.0017913170029652536,-0.17913170029652536,-0.003605135411574256,1.0036051354115743,1,,
yolov8s_ft,1280,native10,large,condition,S1T1,S1T1,0.4968792565222932,True,1,0.4968792565222932,0.0,0.0,0.0,1.0,1,,
yolov8s_ft,1280,native10,large,condition,S1T2,S1T1,0.4968792565222932,True,1,0.48901324994101875,0.007866006581274454,0.7866006581274454,0.01583082102547284,0.9841691789745272,1,,
yolov8s_ft,1280,native10,large,condition,S1T3,S1T1,0.4968792565222932,True,1,0.2655925829656886,0.2312866735566046,23.12866735566046,0.46547862588469235,0.5345213741153076,1,,
yolov8s_ft,1280,native10,large,condition,S2T1,S1T1,0.4968792565222932,True,1,0.3949365840981249,0.10194267242416832,10.194267242416831,0.20516588504353173,0.7948341149564683,1,,
yolov8s_ft,1280,native10,large,condition,S2T2,S1T1,0.4968792565222932,True,1,0.37351092913322564,0.12336832738906756,12.336832738906756,0.24828633067223338,0.7517136693277666,1,,
yolov8s_ft,1280,native10,large,condition,S2T3,S1T1,0.4968792565222932,True,1,0.18952586727979576,0.30735338924249744,30.735338924249746,0.6185675598407832,0.38143244015921685,1,,
yolov8s_ft,1280,native10,large,condition,S3T1,S1T1,0.4968792565222932,True,1,0.4652868527178029,0.0315924038044903,3.15924038044903,0.06358165165841023,0.9364183483415898,1,,
yolov8s_ft,1280,native10,large,condition,S3T2,S1T1,0.4968792565222932,True,1,0.43390911020173206,0.06297014632056114,6.297014632056114,0.12673128429891678,0.8732687157010832,1,,
yolov8s_ft,1280,native10,large,condition,S3T3,S1T1,0.4968792565222932,True,1,0.175988952386201,0.3208903041360922,32.08903041360922,0.6458114319000455,0.35418856809995447,1,,
yolov8s_ft,1280,native10,large,matrix9_mean_including_S1T1,aggregate,S1T1,0.4968792565222932,True,9,0.3649603761384314,0.1319188803838618,13.191888038386178,0.2654948433693429,0.7345051566306571,9,,
yolov8s_ft,1280,native10,large,corrupted8_mean_excluding_S1T1,aggregate,S1T1,0.4968792565222932,True,8,0.3484705160904487,0.1484087404318445,14.84087404318445,0.29868169879051076,0.7013183012094892,8,,
yolov8s_ft,1280,native10,large,corrupted8_worst_excluding_S1T1,aggregate,S1T1,0.4968792565222932,True,8,0.175988952386201,0.3208903041360922,32.08903041360922,0.6458114319000455,0.35418856809995447,8,,S3T3
yolov8s_ft,1280,native10,medium,condition,CLEAN,S1T1,0.4703859700488612,True,1,0.4691053669857428,0.0012806030631183907,0.12806030631183907,0.0027224516559993805,0.9972775483440006,1,,
yolov8s_ft,1280,native10,medium,condition,S1T1,S1T1,0.4703859700488612,True,1,0.4703859700488612,0.0,0.0,0.0,1.0,1,,
yolov8s_ft,1280,native10,medium,condition,S1T2,S1T1,0.4703859700488612,True,1,0.38730781589885227,0.08307815415000891,8.30781541500089,0.17661698996119968,0.8233830100388003,1,,
yolov8s_ft,1280,native10,medium,condition,S1T3,S1T1,0.4703859700488612,True,1,0.08875359023722461,0.38163237981163656,38.163237981163654,0.8113175224422502,0.18868247755774978,1,,
yolov8s_ft,1280,native10,medium,condition,S2T1,S1T1,0.4703859700488612,True,1,0.40009609546057373,0.07028987458828745,7.028987458828745,0.14943021064379558,0.8505697893562044,1,,
yolov8s_ft,1280,native10,medium,condition,S2T2,S1T1,0.4703859700488612,True,1,0.3193798937680188,0.1510060762808424,15.100607628084239,0.3210258934065502,0.6789741065934498,1,,
yolov8s_ft,1280,native10,medium,condition,S2T3,S1T1,0.4703859700488612,True,1,0.06723104684705997,0.40315492320180124,40.31549232018013,0.8570725933001864,0.14292740669981369,1,,
yolov8s_ft,1280,native10,medium,condition,S3T1,S1T1,0.4703859700488612,True,1,0.3963898951343642,0.073996074914497,7.3996074914497,0.15730927286545282,0.8426907271345472,1,,
yolov8s_ft,1280,native10,medium,condition,S3T2,S1T1,0.4703859700488612,True,1,0.3288839695679721,0.14150200048088907,14.150200048088907,0.3008210480133806,0.6991789519866194,1,,
yolov8s_ft,1280,native10,medium,condition,S3T3,S1T1,0.4703859700488612,True,1,0.06268919060842858,0.4076967794404326,40.76967794404326,0.8667281879136047,0.13327181208639527,1,,
yolov8s_ft,1280,native10,medium,matrix9_mean_including_S1T1,aggregate,S1T1,0.4703859700488612,True,9,0.2801241630634839,0.19026180698537726,19.026180698537726,0.4044801909496023,0.5955198090503977,9,,
yolov8s_ft,1280,native10,medium,corrupted8_mean_excluding_S1T1,aggregate,S1T1,0.4703859700488612,True,8,0.25634143719031177,0.2140445328585494,21.40445328585494,0.4550402148183025,0.5449597851816975,8,,
yolov8s_ft,1280,native10,medium,corrupted8_worst_excluding_S1T1,aggregate,S1T1,0.4703859700488612,True,8,0.06268919060842858,0.4076967794404326,40.76967794404326,0.8667281879136047,0.13327181208639527,8,,S3T3
yolov8s_ft,1280,native10,small,condition,CLEAN,S1T1,0.3181021347890012,True,1,0.3188898126639821,-0.0007876778749809077,-0.07876778749809077,-0.0024761791539167355,1.0024761791539167,1,,
yolov8s_ft,1280,native10,small,condition,S1T1,S1T1,0.3181021347890012,True,1,0.3181021347890012,0.0,0.0,0.0,1.0,1,,
yolov8s_ft,1280,native10,small,condition,S1T2,S1T1,0.3181021347890012,True,1,0.2062233103122219,0.11187882447677927,11.187882447677927,0.35170724192401004,0.64829275807599,1,,
yolov8s_ft,1280,native10,small,condition,S1T3,S1T1,0.3181021347890012,True,1,0.015608868300873376,0.3024932664881278,30.24932664881278,0.9509312683134716,0.04906873168652836,1,,
yolov8s_ft,1280,native10,small,condition,S2T1,S1T1,0.3181021347890012,True,1,0.2547532726012456,0.0633488621877556,6.3348862187755595,0.19914629692685093,0.8008537030731491,1,,
yolov8s_ft,1280,native10,small,condition,S2T2,S1T1,0.3181021347890012,True,1,0.15342923927617952,0.16467289551282166,16.467289551282168,0.5176730285763409,0.4823269714236591,1,,
yolov8s_ft,1280,native10,small,condition,S2T3,S1T1,0.3181021347890012,True,1,0.008603788810533947,0.30949834597846726,30.949834597846724,0.972952747342482,0.027047252657517954,1,,
yolov8s_ft,1280,native10,small,condition,S3T1,S1T1,0.3181021347890012,True,1,0.27336633364636015,0.04473580114264103,4.473580114264103,0.14063345149291284,0.8593665485070872,1,,
yolov8s_ft,1280,native10,small,condition,S3T2,S1T1,0.3181021347890012,True,1,0.17756318031765017,0.140538954471351,14.053895447135101,0.44180449956606305,0.558195500433937,1,,
yolov8s_ft,1280,native10,small,condition,S3T3,S1T1,0.3181021347890012,True,1,0.00777460284149215,0.310327531947509,31.0327531947509,0.975559413184545,0.024440586815454995,1,,
yolov8s_ft,1280,native10,small,matrix9_mean_including_S1T1,aggregate,S1T1,0.3181021347890012,True,9,0.1572694145439509,0.16083272024505027,16.08327202450503,0.5056008830362972,0.4943991169637027,9,,
yolov8s_ft,1280,native10,small,corrupted8_mean_excluding_S1T1,aggregate,S1T1,0.3181021347890012,True,8,0.13716532451331961,0.18093681027568156,18.093681027568156,0.5688009934158345,0.4311990065841655,8,,
yolov8s_ft,1280,native10,small,corrupted8_worst_excluding_S1T1,aggregate,S1T1,0.3181021347890012,True,8,0.00777460284149215,0.310327531947509,31.0327531947509,0.975559413184545,0.024440586815454995,8,,S3T3
yolov8s_ft,1280,native10,tiny,condition,CLEAN,S1T1,0.15169902452371412,True,1,0.15008966687778125,0.0016093576459328685,0.16093576459328685,0.010608885923859668,0.9893911140761403,1,,
yolov8s_ft,1280,native10,tiny,condition,S1T1,S1T1,0.15169902452371412,True,1,0.15169902452371412,0.0,0.0,0.0,1.0,1,,
yolov8s_ft,1280,native10,tiny,condition,S1T2,S1T1,0.15169902452371412,True,1,0.06879912184397222,0.0828999026797419,8.28999026797419,0.546476175044769,0.453523824955231,1,,
yolov8s_ft,1280,native10,tiny,condition,S1T3,S1T1,0.15169902452371412,True,1,0.0011991883297063188,0.1504998361940078,15.04998361940078,0.9920949502907392,0.007905049709260705,1,,
yolov8s_ft,1280,native10,tiny,condition,S2T1,S1T1,0.15169902452371412,True,1,0.11185750800069276,0.039841516523021356,3.9841516523021356,0.26263528488802634,0.7373647151119737,1,,
yolov8s_ft,1280,native10,tiny,condition,S2T2,S1T1,0.15169902452371412,True,1,0.037180499849380724,0.11451852467433339,11.451852467433339,0.7549061375568138,0.24509386244318623,1,,
yolov8s_ft,1280,native10,tiny,condition,S2T3,S1T1,0.15169902452371412,True,1,0.0013038136615150348,0.1503952108621991,15.03952108621991,0.9914052600825313,0.008594739917468739,1,,
yolov8s_ft,1280,native10,tiny,condition,S3T1,S1T1,0.15169902452371412,True,1,0.13581403895700164,0.015884985566712473,1.5884985566712473,0.10471382803275231,0.8952861719672477,1,,
yolov8s_ft,1280,native10,tiny,condition,S3T2,S1T1,0.15169902452371412,True,1,0.05698116697325583,0.09471785755045828,9.471785755045827,0.6243801359161124,0.3756198640838876,1,,
yolov8s_ft,1280,native10,tiny,condition,S3T3,S1T1,0.15169902452371412,True,1,0.0009208867243084231,0.1507781377994057,15.077813779940568,0.9939295145291823,0.006070485470817691,1,,
yolov8s_ft,1280,native10,tiny,matrix9_mean_including_S1T1,aggregate,S1T1,0.15169902452371412,True,9,0.0628616943181719,0.08883733020554221,8.88373302055422,0.5856156984823251,0.41438430151767486,9,,
yolov8s_ft,1280,native10,tiny,corrupted8_mean_excluding_S1T1,aggregate,S1T1,0.15169902452371412,True,8,0.05175702804247912,0.099941996481235,9.9941996481235,0.6588176607926158,0.34118233920738417,8,,
yolov8s_ft,1280,native10,tiny,corrupted8_worst_excluding_S1T1,aggregate,S1T1,0.15169902452371412,True,8,0.0009208867243084231,0.1507781377994057,15.077813779940568,0.9939295145291823,0.006070485470817691,8,,S3T3
yolov8s_zero_shot,1280,common6,all,condition,CLEAN,S1T1,0.2031756783477372,True,1,0.2027579616438181,0.0004177167039191021,0.04177167039191021,0.0020559385223469784,0.997944061477653,1,,
yolov8s_zero_shot,1280,common6,all,condition,S1T1,S1T1,0.2031756783477372,True,1,0.2031756783477372,0.0,0.0,0.0,1.0,1,,
yolov8s_zero_shot,1280,common6,all,condition,S1T2,S1T1,0.2031756783477372,True,1,0.13784446899894243,0.06533120934879477,6.533120934879477,0.3215503444116956,0.6784496555883044,1,,
yolov8s_zero_shot,1280,common6,all,condition,S1T3,S1T1,0.2031756783477372,True,1,0.030120436437008426,0.17305524191072877,17.305524191072877,0.8517517614216747,0.1482482385783253,1,,
yolov8s_zero_shot,1280,common6,all,condition,S2T1,S1T1,0.2031756783477372,True,1,0.1602012064140275,0.04297447193370971,4.297447193370971,0.21151385974535042,0.7884861402546496,1,,
yolov8s_zero_shot,1280,common6,all,condition,S2T2,S1T1,0.2031756783477372,True,1,0.10927037826228031,0.09390530008545689,9.390530008545689,0.46218770302189927,0.5378122969781007,1,,
yolov8s_zero_shot,1280,common6,all,condition,S2T3,S1T1,0.2031756783477372,True,1,0.01816642384585229,0.1850092545018849,18.50092545018849,0.9105876057922628,0.08941239420773717,1,,
yolov8s_zero_shot,1280,common6,all,condition,S3T1,S1T1,0.2031756783477372,True,1,0.18497390830763055,0.018201770040106646,1.8201770040106646,0.08958636283696386,0.9104136371630361,1,,
yolov8s_zero_shot,1280,common6,all,condition,S3T2,S1T1,0.2031756783477372,True,1,0.12439758039030972,0.07877809795742748,7.877809795742747,0.38773389904769007,0.6122661009523099,1,,
yolov8s_zero_shot,1280,common6,all,condition,S3T3,S1T1,0.2031756783477372,True,1,0.021428924997156117,0.18174675335058108,18.174675335058108,0.8945300679125565,0.10546993208744354,1,,
yolov8s_zero_shot,1280,common6,all,matrix9_mean_including_S1T1,aggregate,S1T1,0.2031756783477372,True,9,0.10995322288899384,0.09322245545874336,9.322245545874337,0.45882684491001036,0.5411731550899896,9,,
yolov8s_zero_shot,1280,common6,all,corrupted8_mean_excluding_S1T1,aggregate,S1T1,0.2031756783477372,True,8,0.09830041595665091,0.10487526239108629,10.487526239108629,0.5161802005237617,0.4838197994762384,8,,
yolov8s_zero_shot,1280,common6,all,corrupted8_worst_excluding_S1T1,aggregate,S1T1,0.2031756783477372,True,8,0.01816642384585229,0.1850092545018849,18.50092545018849,0.9105876057922628,0.08941239420773717,8,,S2T3
yolov8s_zero_shot,1280,common6,coco_small,condition,CLEAN,S1T1,0.12262617755467949,True,1,0.12206686294578165,0.0005593146088978401,0.05593146088978401,0.0045611354773611446,0.9954388645226389,1,,
yolov8s_zero_shot,1280,common6,coco_small,condition,S1T1,S1T1,0.12262617755467949,True,1,0.12262617755467949,0.0,0.0,0.0,1.0,1,,
yolov8s_zero_shot,1280,common6,coco_small,condition,S1T2,S1T1,0.12262617755467949,True,1,0.0629955526978406,0.059630624856838885,5.9630624856838885,0.4862797328103077,0.5137202671896923,1,,
yolov8s_zero_shot,1280,common6,coco_small,condition,S1T3,S1T1,0.12262617755467949,True,1,0.004153312728859854,0.11847286482581963,11.847286482581962,0.9661302927997746,0.03386970720022546,1,,
yolov8s_zero_shot,1280,common6,coco_small,condition,S2T1,S1T1,0.12262617755467949,True,1,0.08241517829459233,0.04021099926008716,4.0210999260087155,0.32791529559140764,0.6720847044085924,1,,
yolov8s_zero_shot,1280,common6,coco_small,condition,S2T2,S1T1,0.12262617755467949,True,1,0.039345291765153695,0.08328088578952579,8.32808857895258,0.6791444326998656,0.3208555673001344,1,,
yolov8s_zero_shot,1280,common6,coco_small,condition,S2T3,S1T1,0.12262617755467949,True,1,0.001894772559651038,0.12073140499502845,12.073140499502845,0.9845483843871252,0.01545161561287476,1,,
yolov8s_zero_shot,1280,common6,coco_small,condition,S3T1,S1T1,0.12262617755467949,True,1,0.11121300878993878,0.011413168764740703,1.1413168764740702,0.09307285762578321,0.9069271423742168,1,,
yolov8s_zero_shot,1280,common6,coco_small,condition,S3T2,S1T1,0.12262617755467949,True,1,0.05876104606736235,0.06386513148731714,6.386513148731714,0.520811565367757,0.479188434632243,1,,
yolov8s_zero_shot,1280,common6,coco_small,condition,S3T3,S1T1,0.12262617755467949,True,1,0.0033932741666272185,0.11923290338805227,11.923290338805227,0.972328305144192,0.027671694855807966,1,,
yolov8s_zero_shot,1280,common6,coco_small,matrix9_mean_including_S1T1,aggregate,S1T1,0.12262617755467949,True,9,0.05408862384718948,0.06853755370749001,6.853755370749001,0.5589145407140237,0.4410854592859763,9,,
yolov8s_zero_shot,1280,common6,coco_small,corrupted8_mean_excluding_S1T1,aggregate,S1T1,0.12262617755467949,True,8,0.04552142963375323,0.07710474792092625,7.710474792092626,0.6287788583032766,0.3712211416967234,8,,
yolov8s_zero_shot,1280,common6,coco_small,corrupted8_worst_excluding_S1T1,aggregate,S1T1,0.12262617755467949,True,8,0.001894772559651038,0.12073140499502845,12.073140499502845,0.9845483843871252,0.01545161561287476,8,,S2T3
yolov8s_zero_shot,1280,common6,large,condition,CLEAN,S1T1,0.634706447659588,True,1,0.6351377716344025,-0.0004313239748146014,-0.04313239748146014,-0.0006795645079784585,1.0006795645079785,1,,
yolov8s_zero_shot,1280,common6,large,condition,S1T1,S1T1,0.634706447659588,True,1,0.634706447659588,0.0,0.0,0.0,1.0,1,,
yolov8s_zero_shot,1280,common6,large,condition,S1T2,S1T1,0.634706447659588,True,1,0.5273369103337706,0.10736953732581733,10.736953732581734,0.16916408793660598,0.830835912063394,1,,
yolov8s_zero_shot,1280,common6,large,condition,S1T3,S1T1,0.634706447659588,True,1,0.25028837428189116,0.3844180733776968,38.44180733776968,0.6056627828426784,0.3943372171573217,1,,
yolov8s_zero_shot,1280,common6,large,condition,S2T1,S1T1,0.634706447659588,True,1,0.5624259142948154,0.07228053336477258,7.228053336477258,0.11388025697753557,0.8861197430224644,1,,
yolov8s_zero_shot,1280,common6,large,condition,S2T2,S1T1,0.634706447659588,True,1,0.4895096968070692,0.14519675085251876,14.519675085251876,0.22876205431332264,0.7712379456866774,1,,
yolov8s_zero_shot,1280,common6,large,condition,S2T3,S1T1,0.634706447659588,True,1,0.18390826917583192,0.45079817848375603,45.079817848375605,0.7102467292494444,0.28975327075055557,1,,
yolov8s_zero_shot,1280,common6,large,condition,S3T1,S1T1,0.634706447659588,True,1,0.5626794845032284,0.07202696315635959,7.20269631563596,0.11348074912733486,0.8865192508726651,1,,
yolov8s_zero_shot,1280,common6,large,condition,S3T2,S1T1,0.634706447659588,True,1,0.49231715998318065,0.1423892876764073,14.23892876764073,0.22433880765108427,0.7756611923489157,1,,
yolov8s_zero_shot,1280,common6,large,condition,S3T3,S1T1,0.634706447659588,True,1,0.202888043141802,0.43181840451778597,43.1818404517786,0.680343497549253,0.319656502450747,1,,
yolov8s_zero_shot,1280,common6,large,matrix9_mean_including_S1T1,aggregate,S1T1,0.634706447659588,True,9,0.4340067000201308,0.20069974763945714,20.069974763945712,0.3162087739608066,0.6837912260391934,9,,
yolov8s_zero_shot,1280,common6,large,corrupted8_mean_excluding_S1T1,aggregate,S1T1,0.634706447659588,True,8,0.40891923156519866,0.2257872160943893,22.57872160943893,0.35573487070590737,0.6442651292940926,8,,
yolov8s_zero_shot,1280,common6,large,corrupted8_worst_excluding_S1T1,aggregate,S1T1,0.634706447659588,True,8,0.18390826917583192,0.45079817848375603,45.079817848375605,0.7102467292494444,0.28975327075055557,8,,S2T3
yolov8s_zero_shot,1280,common6,medium,condition,CLEAN,S1T1,0.30119406045901714,True,1,0.30086718142410956,0.00032687903490757897,0.0326879034907579,0.001085277161207654,0.9989147228387923,1,,
yolov8s_zero_shot,1280,common6,medium,condition,S1T1,S1T1,0.30119406045901714,True,1,0.30119406045901714,0.0,0.0,0.0,1.0,1,,
yolov8s_zero_shot,1280,common6,medium,condition,S1T2,S1T1,0.30119406045901714,True,1,0.2234867964657341,0.07770726399328304,7.770726399328304,0.2579973319356227,0.7420026680643773,1,,
yolov8s_zero_shot,1280,common6,medium,condition,S1T3,S1T1,0.30119406045901714,True,1,0.04574092129790628,0.25545313916111084,25.545313916111084,0.8481347167729751,0.15186528322702483,1,,
yolov8s_zero_shot,1280,common6,medium,condition,S2T1,S1T1,0.30119406045901714,True,1,0.25054873910236053,0.050645321356656614,5.064532135665662,0.16814847304582825,0.8318515269541717,1,,
yolov8s_zero_shot,1280,common6,medium,condition,S2T2,S1T1,0.30119406045901714,True,1,0.1813544581574672,0.11983960230154994,11.983960230154993,0.3978816916871316,0.6021183083128684,1,,
yolov8s_zero_shot,1280,common6,medium,condition,S2T3,S1T1,0.30119406045901714,True,1,0.029337822591747477,0.27185623786726965,27.185623786726964,0.9025949497575189,0.09740505024248117,1,,
yolov8s_zero_shot,1280,common6,medium,condition,S3T1,S1T1,0.30119406045901714,True,1,0.2673730758494694,0.033820984609547744,3.3820984609547744,0.11228967980977067,0.8877103201902293,1,,
yolov8s_zero_shot,1280,common6,medium,condition,S3T2,S1T1,0.30119406045901714,True,1,0.19483318502038746,0.10636087543862968,10.636087543862969,0.3531307200299256,0.6468692799700744,1,,
yolov8s_zero_shot,1280,common6,medium,condition,S3T3,S1T1,0.30119406045901714,True,1,0.03634202739186061,0.26485203306715654,26.485203306715654,0.8793401591768587,0.12065984082314132,1,,
yolov8s_zero_shot,1280,common6,medium,matrix9_mean_including_S1T1,aggregate,S1T1,0.30119406045901714,True,9,0.1700234540373278,0.13117060642168935,13.117060642168935,0.4355019691350702,0.5644980308649298,9,,
yolov8s_zero_shot,1280,common6,medium,corrupted8_mean_excluding_S1T1,aggregate,S1T1,0.30119406045901714,True,8,0.15362712823461663,0.1475669322244005,14.75669322244005,0.4899397152769539,0.5100602847230461,8,,
yolov8s_zero_shot,1280,common6,medium,corrupted8_worst_excluding_S1T1,aggregate,S1T1,0.30119406045901714,True,8,0.029337822591747477,0.27185623786726965,27.185623786726964,0.9025949497575189,0.09740505024248117,8,,S2T3
yolov8s_zero_shot,1280,common6,small,condition,CLEAN,S1T1,0.17038738448195792,True,1,0.16964794556350227,0.0007394389184556538,0.07394389184556538,0.00433975156496369,0.9956602484350363,1,,
yolov8s_zero_shot,1280,common6,small,condition,S1T1,S1T1,0.17038738448195792,True,1,0.17038738448195792,0.0,0.0,0.0,1.0,1,,
yolov8s_zero_shot,1280,common6,small,condition,S1T2,S1T1,0.17038738448195792,True,1,0.0936634167096647,0.07672396777229322,7.672396777229322,0.45029136403239645,0.5497086359676036,1,,
yolov8s_zero_shot,1280,common6,small,condition,S1T3,S1T1,0.17038738448195792,True,1,0.006186465346341697,0.1642009191356162,16.42009191356162,0.9636917641223798,0.03630823587762023,1,,
yolov8s_zero_shot,1280,common6,small,condition,S2T1,S1T1,0.17038738448195792,True,1,0.11988484720195029,0.05050253728000763,5.050253728000762,0.2963983362591922,0.7036016637408078,1,,
yolov8s_zero_shot,1280,common6,small,condition,S2T2,S1T1,0.17038738448195792,True,1,0.06207413797096485,0.10831324651099307,10.831324651099306,0.635688181025293,0.364311818974707,1,,
yolov8s_zero_shot,1280,common6,small,condition,S2T3,S1T1,0.17038738448195792,True,1,0.0026640063576358125,0.16772337812432211,16.772337812432212,0.9843650023401944,0.01563499765980562,1,,
yolov8s_zero_shot,1280,common6,small,condition,S3T1,S1T1,0.17038738448195792,True,1,0.15351697894276045,0.01687040553919747,1.687040553919747,0.09901205767369392,0.9009879423263061,1,,
yolov8s_zero_shot,1280,common6,small,condition,S3T2,S1T1,0.17038738448195792,True,1,0.0874186447813754,0.08296873970058252,8.296873970058252,0.48694180002139753,0.5130581999786025,1,,
yolov8s_zero_shot,1280,common6,small,condition,S3T3,S1T1,0.17038738448195792,True,1,0.00476881000301963,0.1656185744789383,16.56185744789383,0.9720119537164174,0.027988046283582646,1,,
yolov8s_zero_shot,1280,common6,small,matrix9_mean_including_S1T1,aggregate,S1T1,0.17038738448195792,True,9,0.07784052131063007,0.09254686317132785,9.254686317132785,0.543155606576774,0.4568443934232261,9,,
yolov8s_zero_shot,1280,common6,small,corrupted8_mean_excluding_S1T1,aggregate,S1T1,0.17038738448195792,True,8,0.0662721634142141,0.10411522106774382,10.411522106774381,0.6110500573988706,0.3889499426011294,8,,
yolov8s_zero_shot,1280,common6,small,corrupted8_worst_excluding_S1T1,aggregate,S1T1,0.17038738448195792,True,8,0.0026640063576358125,0.16772337812432211,16.772337812432212,0.9843650023401944,0.01563499765980562,8,,S2T3
yolov8s_zero_shot,1280,common6,tiny,condition,CLEAN,S1T1,0.05003662696395711,True,1,0.05008180340570948,-4.517644175237173e-05,-0.004517644175237173,-0.0009028674491771138,1.0009028674491771,1,,
yolov8s_zero_shot,1280,common6,tiny,condition,S1T1,S1T1,0.05003662696395711,True,1,0.05003662696395711,0.0,0.0,0.0,1.0,1,,
yolov8s_zero_shot,1280,common6,tiny,condition,S1T2,S1T1,0.05003662696395711,True,1,0.01837460175949666,0.031662025204460445,3.1662025204460447,0.6327769701036714,0.36722302989632855,1,,
yolov8s_zero_shot,1280,common6,tiny,condition,S1T3,S1T1,0.05003662696395711,True,1,0.0007304110974765185,0.04930621586648059,4.9306215866480585,0.9854024713136108,0.014597528686389185,1,,
yolov8s_zero_shot,1280,common6,tiny,condition,S2T1,S1T1,0.05003662696395711,True,1,0.02836098469499759,0.02167564226895952,2.167564226895952,0.4331955126506257,0.5668044873493743,1,,
yolov8s_zero_shot,1280,common6,tiny,condition,S2T2,S1T1,0.05003662696395711,True,1,0.007483534183247966,0.042553092780709144,4.255309278070914,0.8504388757331988,0.14956112426680124,1,,
yolov8s_zero_shot,1280,common6,tiny,condition,S2T3,S1T1,0.05003662696395711,True,1,0.00016733931457661898,0.04986928764938049,4.98692876493805,0.996655663566268,0.0033443364337320046,1,,
yolov8s_zero_shot,1280,common6,tiny,condition,S3T1,S1T1,0.05003662696395711,True,1,0.04682336139105726,0.0032132655728998524,0.32132655728998527,0.06421826905347683,0.9357817309465232,1,,
yolov8s_zero_shot,1280,common6,tiny,condition,S3T2,S1T1,0.05003662696395711,True,1,0.017502350818403904,0.03253427614555321,3.2534276145553207,0.6502092191183995,0.3497907808816005,1,,
yolov8s_zero_shot,1280,common6,tiny,condition,S3T3,S1T1,0.05003662696395711,True,1,0.0002467869082023151,0.04978984005575479,4.978984005575479,0.995067874811384,0.004932125188615994,1,,
yolov8s_zero_shot,1280,common6,tiny,matrix9_mean_including_S1T1,aggregate,S1T1,0.05003662696395711,True,9,0.018858444125712883,0.031178182838244226,3.117818283824423,0.6231072062611817,0.37689279373881834,9,,
yolov8s_zero_shot,1280,common6,tiny,corrupted8_mean_excluding_S1T1,aggregate,S1T1,0.05003662696395711,True,8,0.014961171270932353,0.035075455693024754,3.5075455693024753,0.7009956070438295,0.2990043929561706,8,,
yolov8s_zero_shot,1280,common6,tiny,corrupted8_worst_excluding_S1T1,aggregate,S1T1,0.05003662696395711,True,8,0.00016733931457661898,0.04986928764938049,4.98692876493805,0.996655663566268,0.0033443364337320046,8,,S2T3
